Engine_Capacity,Fuel_Type,Fuel_Cost,CO2
1598,2,21,89
1598,2,21,89
1499,2,20.4,89
1499,2,22.3,82
1499,2,21.6,84
1499,2,22.3,82
1499,2,22.3,82
1499,2,21,88
1499,2,21,88
1499,2,21,88
1499,2,21,88
1499,2,21,89
1461,2,20.4,89
1461,2,20.4,89
1496,2,21,89
1461,2,22.3,85
1560,2,20.4,90
1560,2,23.8,79
1560,2,20.4,90
1560,2,23.8,79
1560,2,23,82
1560,2,22.3,84
1560,2,20.4,90
1560,2,22.3,85
1560,2,21.6,88
1461,2,20.4,90
1461,2,21.6,85
1461,2,22.3,82
1461,2,21.6,85
1461,2,22.3,84
1598,2,20.4,90
1598,2,20.4,90
1364,2,21,89
1248,2,21.6,87
1248,2,21.6,87
1248,2,21.6,87
1248,2,21,89
1248,2,21.6,87
1969,2,21,89
1598,2,18.76,99
1598,2,18.76,99
1598,2,19.3,97
1598,2,19.3,97
1598,2,19.3,98
1598,2,18.76,99
1598,2,18.76,99
1598,2,19.3,97
1598,2,19.3,97
1598,2,19.3,98
1598,2,18.76,99
1598,2,18.76,99
1598,2,18.76,99
1968,2,18.76,99
1496,2,19.8,96
1496,2,19.8,94
1995,2,18.76,99
1496,2,19.8,94
1496,2,19.8,96
1995,2,18.76,99
1496,2,18.76,99
1995,2,18.76,99
1560,2,19.3,95
1560,2,20.4,92
1560,2,19.8,93
1560,2,19.8,95
1560,2,18.76,98
1560,2,19.8,95
1560,2,18.76,100
1560,2,18.3,100
1560,2,18.76,98
1560,2,19.8,95
1560,2,18.76,99
1560,2,18.76,100
1560,2,18.76,100
1560,2,18.76,100
1560,2,18.76,100
1560,2,18.76,99
1560,2,18.76,100
1461,2,18.76,98
1560,2,19.8,94
1560,2,20.4,92
1560,2,19.8,94
1560,2,18.76,100
1248,2,18.76,100
1248,2,19.3,99
1598,2,19.3,98
1248,2,19.3,99
1598,2,19.3,98
1499,2,18.76,98
1499,2,18.76,98
1499,2,18.76,98
1499,2,18.76,98
1499,2,18.76,99
1499,2,19.8,94
1499,2,19.8,94
1499,2,19.8,94
1499,2,19.8,94
1499,2,18.76,99
1499,2,18.76,99
1499,2,18.76,99
1499,2,18.76,99
1499,2,18.76,99
1499,2,18.76,99
1499,2,18.76,99
1499,2,18.76,99
1499,2,18.76,99
1499,2,18.76,99
1499,2,18.76,99
1499,2,18.76,99
1499,2,18.76,99
1499,2,19.8,94
1499,2,18.76,99
1499,2,19.8,94
1499,2,18.76,99
1597,2,19.8,94
1597,2,19.3,98
1597,2,18.76,99
1582,2,18.76,99
1582,2,18.76,99
1999,2,18.9,99
1582,2,19.8,94
1582,2,18.76,99
1582,2,18.76,99
1396,2,20.4,92
1396,2,20.4,92
1396,2,18.76,98
1582,2,18.76,99
1396,2,18.76,98
1499,2,18.76,99
1499,2,18.76,99
1461,2,19.3,98
2143,2,18.76,99
1461,2,19.3,98
2143,2,18.76,99
1496,2,20.4,92
1496,2,19.3,98
1496,2,19.8,95
1496,2,18.76,99
1496,2,20.4,92
1496,2,19.8,95
1496,2,18.76,99
1496,2,19.3,97
1496,2,20.4,92
1496,2,19.8,94
1496,2,18.76,99
1496,2,18.76,100
1461,2,19.3,97
1461,2,20.4,92
1461,2,19.8,93
1461,2,19.8,93
1461,2,19.8,94
1461,2,18.76,98
1461,2,18.76,99
1560,2,19.8,94
1560,2,19.8,94
1560,2,19.3,96
1560,2,19.8,95
1560,2,18.76,98
1560,2,18.76,99
1560,2,19.3,97
1560,2,19.3,96
1560,2,19.3,97
1560,2,19.8,94
1560,2,19.3,96
1560,2,18.76,99
1560,2,18.76,100
1461,2,18.76,99
1461,2,17.8,99
1461,2,19.3,98
1461,2,19.8,95
1461,2,19.3,95
1461,2,19.3,98
1461,2,18.76,99
1461,2,19.8,95
1461,2,20.4,92
1461,2,20.4,92
1461,2,20.4,94
1461,2,18.76,99
1461,2,18.76,99
1461,2,19.3,96
1461,2,18.76,98
1461,2,18.76,99
1461,2,19.8,93
1461,2,19.8,93
1461,2,19.3,96
1461,2,18.76,97
1461,2,18.76,99
1461,2,18.3,100
1461,2,20.4,94
1422,2,18.3,100
1422,2,19.3,95
1422,2,19.8,93
1422,2,18.3,100
1422,2,18.76,99
1598,2,18.76,99
1598,2,18.76,99
1598,2,19.3,99
1598,2,18.76,99
1598,2,18.3,100
1364,2,18.3,100
1364,2,20.4,92
1364,2,20.4,92
1598,2,19.3,97
1598,2,19.3,97
1598,2,19.3,97
1598,2,19.3,97
1598,2,19.3,97
1598,2,19.3,97
1598,2,19.3,97
1598,2,20.4,92
1248,2,19.3,99
1248,2,18.76,100
1248,2,19.3,99
1248,2,19.8,96
1248,2,18.76,100
1248,2,18.76,100
1598,2,18.76,96
1598,2,19.3,95
1422,2,18.76,97
1422,2,18.76,97
1422,2,18.76,97
1422,2,18.76,97
1969,2,18.76,99
1969,2,19.3,96
1969,2,18.76,99
1969,2,18.76,99
1969,2,18.76,99
1969,2,19.8,94
1969,2,18.76,99
1969,2,19.8,94
1969,2,18.76,96
1969,2,18.76,99
2143,2,17,109
2143,2,17,109
1956,2,17,110
1598,2,18.3,102
1598,2,18.3,101
1598,2,17.8,106
1598,2,18.3,102
1598,2,18.3,101
1598,2,17.8,106
1598,2,17,110
1968,2,17,110
1598,2,17.8,106
1598,2,17.4,108
1598,2,17,109
1598,2,18.3,103
1598,2,17.8,106
1598,2,17.8,107
1968,2,17.8,105
1968,2,17,108
1968,2,16.6,109
1598,2,17.4,107
1598,2,17.4,108
1598,2,17.8,105
1598,2,17.8,106
1968,2,17,107
1968,2,16.6,108
1968,2,16.6,110
1598,2,17.8,107
1598,2,17.4,108
1598,2,18.3,103
1598,2,17.8,106
1598,2,17.8,107
1968,2,17.8,105
1968,2,17,108
1968,2,16.6,109
1968,2,17.8,104
1968,2,17.4,108
1968,2,17.8,104
1968,2,17,110
1968,2,17.4,106
1968,2,17.4,106
1968,2,17.8,106
1968,2,17,109
1968,2,17.8,103
1968,2,18.3,101
1968,2,17.4,107
1968,2,18.3,102
1968,2,17.4,107
1968,2,17.8,103
1968,2,17,109
2967,2,17,109
1968,2,17.4,106
1968,2,17.8,105
1968,2,17,109
1968,2,17.4,108
1968,2,17.4,106
1968,2,17,110
1968,2,17,110
1598,2,17.4,109
1496,2,18.3,103
1496,2,18.3,103
1496,2,17.8,106
1496,2,17.4,107
1995,2,17.8,104
1995,2,17.8,105
1995,2,17.4,109
1995,2,17,110
1995,2,17.4,109
1496,2,18.3,103
1496,2,18.3,103
1496,2,17.8,106
1496,2,17.4,107
1995,2,17.8,104
1995,2,17.8,105
1995,2,17.4,109
1995,2,17,110
1995,2,17.4,109
1496,2,18.3,103
1496,2,17.4,108
1496,2,18.3,104
1995,2,17.4,109
1995,2,17.4,109
1995,2,17.4,109
1995,2,17.4,108
1995,2,18.3,104
1995,2,17.4,107
1496,2,17.4,108
1496,2,17.4,109
1995,2,17.4,109
1995,2,17.4,109
1995,2,17.4,109
1995,2,17.8,104
1995,2,17.4,108
1995,2,18.3,102
1995,2,17.8,104
1995,2,17.4,107
1995,2,17.4,109
1995,2,17,110
1995,2,17.8,106
1995,2,17.8,106
1995,2,17,110
1995,2,17.4,109
1995,2,17.4,108
1995,2,17.4,109
1560,2,17,109
1560,2,18.3,101
1560,2,17.8,104
1560,2,18.3,103
1997,2,17.8,105
1560,2,17.8,106
1560,2,17.8,105
1560,2,17.8,106
1560,2,18.3,103
1560,2,18.3,103
1560,2,17.8,105
1560,2,17.4,108
1997,2,18.3,103
1560,2,18.3,103
1560,2,17.4,108
1560,2,17.8,104
1560,2,17.4,108
1248,2,17.4,107
1598,2,17.4,109
1248,2,18.3,104
1248,2,17.4,107
1248,2,17.4,107
1248,2,18.3,104
1248,2,17.8,106
1248,2,17,109
1248,2,17.8,106
1248,2,18.3,103
1248,2,17.8,106
1499,2,17.4,105
1499,2,17,109
1499,2,17.4,105
1997,2,17.8,105
1997,2,17.8,105
1999,2,17,110
1999,2,17,110
1997,2,17.8,105
1997,2,17.8,105
1999,2,17,110
1999,2,17,110
1997,2,17,109
1997,2,17,109
1997,2,17.4,107
1997,2,17,109
1997,2,17,109
1997,2,17.4,107
1499,2,17.4,104
1597,2,17.4,108
1597,2,17.8,104
1396,2,17.4,106
1582,2,17.4,109
1685,2,17,110
1461,2,18.3,103
1461,2,17.4,108
1461,2,17,109
1461,2,18.3,102
2143,2,17,109
1999,2,17.4,106
1999,2,17,109
1999,2,17,109
1999,2,17.4,109
1999,2,17.8,104
1685,2,16.98,109
1396,2,17,109
1582,2,18.3,103
1582,2,18.3,103
1582,2,18.3,103
1582,2,18.3,102
1582,2,18.3,102
1582,2,18.3,103
1582,2,18.3,102
1582,2,18.3,103
1582,2,18.3,102
1396,2,17,109
1396,2,17,109
1582,2,18.3,102
1582,2,17,109
1582,2,18.3,102
1582,2,17,109
1582,2,18.3,102
1582,2,18.3,102
1582,2,18.3,102
1582,2,17,109
1582,2,18.3,102
1582,2,17,109
1582,2,18.3,102
1685,2,17,110
1685,2,16.2,110
1582,2,18.3,103
1582,2,18.3,103
1582,2,18.3,102
1582,2,18.3,103
1582,2,18.3,102
1999,2,17,109
1499,2,17.8,105
2191,2,18.3,104
2191,2,17.4,107
2191,2,17.4,107
2191,2,17,110
1461,2,18.76,101
1461,2,18.3,102
1461,2,18.76,101
1461,2,18.3,102
2143,2,17.4,106
2143,2,17.8,103
2143,2,17.8,103
2143,2,17.4,107
1461,2,18.76,101
1461,2,18.3,102
1461,2,18.76,101
1461,2,18.3,102
2143,2,17.4,106
2143,2,17.8,103
2143,2,17.8,103
2143,2,17.4,107
1461,2,17.8,104
1461,2,17.8,104
1461,2,17.4,106
1461,2,17.4,107
1461,2,17.4,106
1461,2,17.4,107
2143,2,17.8,104
2143,2,17,109
2143,2,17.4,106
2143,2,17.4,106
2143,2,17.4,107
2143,2,17,108
2143,2,17,108
1461,2,17.8,104
1461,2,17.8,104
1461,2,17.4,106
1461,2,17.4,107
1461,2,17.4,106
1461,2,17.4,107
2143,2,17.8,104
2143,2,17,109
2143,2,17.4,106
2143,2,17.4,106
2143,2,17.4,107
2143,2,17,108
2143,2,17,108
2143,2,17.4,106
2143,2,17.4,106
2143,2,17,109
2143,2,17,109
2143,2,17.4,106
1598,2,16.6,109
2143,2,16.6,108
2143,2,16.6,108
1598,2,16.6,109
2143,2,17,106
2143,2,16.6,108
1598,2,18.3,101
1598,2,18.3,101
1598,2,17.4,106
1598,2,17,110
2143,2,17.8,103
2143,2,16.6,109
2143,2,17.8,103
2143,2,16.6,109
2143,2,17,110
2143,2,16.6,109
2143,2,16.6,109
1598,2,18.3,101
1598,2,18.3,101
1598,2,17.4,106
1598,2,17,110
2143,2,17.8,103
2143,2,16.2,109
2143,2,17.8,103
2143,2,17,110
2143,2,17.8,105
2143,2,17,109
2143,2,17.4,106
2143,2,17.8,105
2143,2,17,109
2143,2,17.4,106
2143,2,17.4,106
2143,2,17,108
2143,2,17.4,106
2143,2,17,108
1950,2,17,109
1950,2,17,109
1950,2,18.3,102
1950,2,17.8,105
1950,2,18.3,102
1950,2,17.8,105
2143,2,17,108
2143,2,17,110
2143,2,17,108
2143,2,17,110
2143,2,17,108
2143,2,17,110
2143,2,17,108
2143,2,17,110
1995,2,17.8,104
1995,2,17.8,106
1995,2,17.4,107
1995,2,17.4,109
1496,2,18.3,102
1995,2,17.4,107
1995,2,17.4,109
1995,2,17,109
1995,2,17.4,109
1995,2,17.4,109
1496,2,18.3,104
1496,2,18.3,102
1496,2,17.4,107
1496,2,18.3,104
1496,2,17.4,109
1496,2,18.3,104
1496,2,17.8,105
1496,2,17.4,109
1461,2,17.8,104
1461,2,17.4,107
1461,2,18.76,101
1461,2,17.8,103
1560,2,18.3,101
1997,2,17.4,108
1997,2,17.8,105
1997,2,18.3,102
1997,2,17.8,105
1997,2,17.8,103
1560,2,18.3,102
1997,2,17,109
1997,2,17,110
1560,2,17.8,103
1560,2,17,109
1560,2,17.8,104
1560,2,17,108
1560,2,17.8,105
1560,2,18.3,102
1997,2,18.3,102
1997,2,17,109
1560,2,17,108
1997,2,17,110
1560,2,17.4,109
1560,2,17,109
1461,2,18.3,101
1461,2,17.4,105
1461,2,17.8,104
1461,2,17.8,104
1461,2,18.3,103
1461,2,18.3,103
1461,2,18.3,101
1598,2,17.8,104
1598,2,17.4,106
1461,2,17.8,104
1598,2,17.8,104
1461,2,17.8,104
1461,2,17.8,104
1461,2,18.3,101
1598,2,17.8,104
1598,2,17.4,106
1461,2,17.8,104
1461,2,17.4,105
1422,2,18.3,104
1422,2,18.3,104
1422,2,17.8,102
1598,2,17.4,109
1598,2,17.4,108
1598,2,17.8,105
1598,2,17.8,106
1598,2,17.8,105
1598,2,17.4,108
1598,2,17.4,109
1598,2,17.4,108
1422,2,17.8,106
1422,2,18.3,103
1598,2,17,109
1422,2,17.4,110
1422,2,18.3,104
1422,2,18.3,104
1422,2,17.8,105
1422,2,18.3,104
1422,2,18.3,104
1422,2,17.8,105
1598,2,18.3,102
1598,2,18.3,101
1968,2,17.8,106
1968,2,17.4,107
1598,2,18.3,102
1968,2,17.8,106
1968,2,17.4,107
1422,2,17.8,106
1422,2,17.8,105
1598,2,17,109
1422,2,17.8,106
1422,2,17.8,105
1598,2,17,109
1598,2,18.3,102
1598,2,18.3,101
1598,2,17,110
1598,2,15.5,110
1598,2,17.8,106
1364,2,17.4,106
1364,2,17.4,106
1598,2,17,108
1598,2,16.6,110
1598,2,17,108
1598,2,16.6,110
1598,2,17,108
1598,2,17,109
1598,2,17,109
1598,2,17,109
1598,2,17,110
1598,2,18.3,104
1598,2,18.3,103
1598,2,18.3,103
1598,2,18.3,103
1598,2,17.4,109
1598,2,17.4,109
1598,2,18.3,104
1598,2,18.3,104
1598,2,18.3,104
1598,2,18.3,104
1598,2,18.3,104
1598,2,18.3,104
1598,2,18.3,104
1598,2,17.4,109
1598,2,17.4,109
1598,2,17.4,109
1598,2,18.3,104
1598,2,17.4,109
1598,2,17.4,106
1598,2,17.4,109
1598,2,17.4,109
1598,2,17.4,109
1598,2,17.4,109
1598,2,17,109
1598,2,17.4,106
1598,2,17.4,106
1598,2,17.4,106
1598,2,17.8,105
1598,2,18.3,102
1598,2,18.3,102
1968,2,17,109
1968,2,17,109
1598,2,17.4,106
1598,2,17.8,103
1598,2,17.8,103
1598,2,17,109
1598,2,17.4,106
1598,2,17.4,106
1598,2,17.4,106
1598,2,17.4,106
1598,2,17.4,106
1598,2,17.4,106
1598,2,17,110
1598,2,17,110
1968,2,17.4,109
1968,2,17.4,107
1968,2,17.4,107
1598,2,17.4,107
1598,2,17.8,104
1598,2,17.8,104
1598,2,17,110
1598,2,17.4,107
1598,2,17.4,107
1968,2,17,110
1968,2,17,110
1598,2,17,107
1598,2,17.4,104
1598,2,17.4,104
1598,2,17,109
1598,2,17.8,104
1598,2,17.8,104
1968,2,17,109
1968,2,17,109
1968,2,17,109
1968,2,17,109
1968,2,17,109
1968,2,17,109
1968,2,17,109
1968,2,17,109
1968,2,17,109
1969,2,17,110
1969,2,18.3,102
1969,2,17,110
1969,2,18.3,102
1969,2,18.3,102
1969,2,17.8,105
1969,2,18.3,102
1969,2,17.8,105
1969,2,18.3,102
1969,2,18.3,102
1969,2,18.76,101
1969,2,18.3,101
1969,2,17.8,104
1969,2,17.8,105
1969,2,17,109
1969,2,17.8,104
1969,2,18.3,104
1969,2,18.3,104
1969,2,18.76,101
1969,2,17.4,108
1969,2,18.3,102
1969,2,17,110
1969,2,18.3,104
1969,2,18.76,101
1498,2,17.4,108
1969,2,18.3,102
1969,2,17.4,108
1969,2,17,109
1969,2,17.8,104
1969,2,18.76,101
1969,2,17.8,105
1969,2,17.8,104
1969,2,18.3,104
1969,2,17.4,108
1969,2,18.3,104
1969,2,17.4,108
1969,2,17.8,104
1956,2,16.6,113
1598,2,16.6,113
1598,2,16.2,114
1968,2,16.2,113
1968,2,15.83,114
1968,2,15.5,117
1968,2,15.5,120
1968,2,15.18,123
1968,2,14.87,124
1968,2,14.54,127
1968,2,15.5,122
1968,2,15.18,123
1968,2,15.18,124
1968,2,14.54,128
1968,2,14.26,129
1968,2,16.2,116
1968,2,15.83,119
1968,2,15.5,120
1968,2,16.2,117
1968,2,15.83,118
1968,2,14.87,125
1968,2,14.54,126
1968,2,14.87,127
1968,2,14.54,129
1968,2,15.83,118
1968,2,15.5,119
1968,2,15.18,121
1968,2,16.2,117
1968,2,15.83,118
1968,2,15.83,119
1968,2,14.87,125
1968,2,14.54,126
1968,2,14.26,128
1968,2,14.87,127
1968,2,14.54,129
1968,2,16.2,116
1968,2,15.83,119
1968,2,15.5,120
1968,2,16.2,117
1968,2,15.83,118
1968,2,14.87,125
1968,2,14.54,126
1968,2,14.87,127
1968,2,14.54,129
1968,2,14.54,128
1968,2,17,111
1968,2,16.6,116
1968,2,16.6,112
1968,2,16.2,115
1968,2,15.83,116
1968,2,15.5,121
1968,2,16.6,113
1968,2,16.2,116
1968,2,17,111
1968,2,16.6,112
1968,2,15.83,116
1968,2,15.5,120
1968,2,15.18,123
2967,2,16.2,114
2967,2,15.83,117
2967,2,15.5,121
2967,2,15.18,123
2967,2,14.87,126
2967,2,14.54,129
1968,2,17,111
1968,2,16.6,112
1968,2,16.2,113
1968,2,15.83,118
1968,2,17,111
1968,2,16.6,113
1968,2,16.2,114
1968,2,15.83,118
1968,2,15.5,121
2967,2,16.2,114
2967,2,15.83,117
2967,2,15.5,119
2967,2,15.18,123
2967,2,14.87,127
1968,2,15.83,118
1968,2,15.5,122
1968,2,15.18,124
1968,2,15.18,122
1968,2,14.54,127
1968,2,14.54,128
2967,2,14.54,128
1968,2,16.2,113
1968,2,15.83,118
1968,2,17,111
1968,2,16.6,113
1968,2,16.2,114
1968,2,15.83,118
1968,2,15.5,121
1968,2,17,111
1968,2,17,111
2967,2,15.5,119
2967,2,15.18,123
2967,2,14.87,127
1968,2,16.2,115
1968,2,15.5,119
1968,2,16.6,112
1968,2,16.2,114
1968,2,16.6,113
1968,2,16.6,112
1968,2,15.83,117
1968,2,15.5,121
1968,2,15.18,124
2967,2,15.5,119
2967,2,14.87,124
2967,2,14.87,125
1968,2,15.83,118
1968,2,15.5,119
1968,2,15.5,121
1968,2,15.18,124
1968,2,16.2,114
1968,2,16.2,115
1968,2,15.83,118
1968,2,15.5,121
2967,2,15.5,119
2967,2,15.5,120
2967,2,14.87,124
1968,2,14.54,128
1968,2,14.54,129
1968,2,16.6,113
1968,2,16.2,114
1968,2,16.2,116
1968,2,15.83,119
1968,2,16.6,113
1968,2,16.2,116
2967,2,16.2,115
2967,2,15.83,117
2967,2,15.5,120
2967,2,15.18,122
2967,2,14.87,126
2967,2,14.87,126
1598,2,16.2,114
1598,2,15.5,118
1598,2,15.5,120
1598,2,16.6,113
1598,2,16.6,114
1968,2,14.87,125
1968,2,14.54,129
1968,2,15.83,117
1968,2,15.5,119
1968,2,15.18,124
1968,2,14.54,129
1968,2,15.18,124
1968,2,14.87,129
1995,2,16.6,114
1995,2,16.6,114
1995,2,16.6,114
1995,2,15.83,118
1995,2,15.5,121
1995,2,16.6,114
1995,2,16.6,114
1995,2,16.6,114
1995,2,15.83,118
1995,2,15.83,119
1995,2,15.18,124
1995,2,15.5,121
1995,2,16.6,113
1995,2,16.2,117
1995,2,15.18,124
1995,2,14.54,129
1995,2,16.6,114
1995,2,16.6,114
1995,2,16.6,112
1995,2,16.2,115
1995,2,16.2,116
1995,2,15.83,119
1995,2,15.5,122
1995,2,14.87,127
1995,2,16.6,113
1995,2,15.5,121
1995,2,16.2,117
1995,2,15.18,124
1995,2,14.54,128
1995,2,16.2,116
1995,2,15.5,122
1995,2,15.83,118
1995,2,15.18,124
1995,2,16.6,113
1995,2,16.6,113
1995,2,16.2,116
1995,2,17,111
1995,2,16.6,112
1995,2,16.2,115
1995,2,15.83,119
1995,2,15.18,124
1995,2,15.5,121
1496,2,16.6,114
1496,2,17,111
1995,2,16.2,115
1995,2,16.2,115
1995,2,15.83,119
1995,2,15.83,119
1995,2,15.83,119
1995,2,15.83,119
1995,2,15.18,124
1995,2,15.18,124
1995,2,14.54,129
1995,2,16.2,117
1995,2,15.5,121
1995,2,15.83,119
1995,2,15.18,123
1995,2,15.83,118
1995,2,15.18,125
1995,2,15.5,120
1995,2,14.87,127
1995,2,15.18,124
1995,2,14.87,126
1995,2,16.6,113
1995,2,16.6,113
1995,2,17,111
1995,2,17,111
1995,2,16.2,116
1995,2,16.2,116
1995,2,17,111
1995,2,17,111
1995,2,16.2,116
1995,2,16.2,116
1995,2,16.6,113
1995,2,15.83,118
1995,2,15.83,119
1995,2,15.18,123
1995,2,14.87,126
1995,2,15.5,122
1995,2,14.54,129
1995,2,14.87,125
1995,2,16.2,116
1995,2,16.2,116
1995,2,15.5,120
1995,2,15.5,120
1995,2,16.6,114
1995,2,15.83,117
1995,2,15.83,119
1995,2,15.5,122
1995,2,16.6,114
1995,2,15.83,118
1995,2,15.83,119
1995,2,15.18,123
1995,2,16.2,116
1995,2,15.83,118
1995,2,17,111
1995,2,16.6,114
1995,2,15.18,124
1995,2,14.54,128
1995,2,14.54,129
1995,2,16.2,116
1995,2,14.87,127
1995,2,15.18,124
1995,2,16.2,117
1995,2,15.83,118
1995,2,17,111
1995,2,16.6,114
1995,2,15.83,119
1995,2,16.2,117
1995,2,16.2,117
1995,2,15.18,125
1995,2,15.18,125
1995,2,15.18,124
1995,2,14.54,129
1995,2,16.6,112
1995,2,16.6,114
1995,2,16.2,116
1995,2,15.83,118
1995,2,17,111
1995,2,16.6,114
1995,2,15.83,119
1995,2,15.83,118
1995,2,15.5,121
1995,2,14.87,126
1995,2,14.54,129
1995,2,16.6,114
1995,2,16.2,115
1995,2,15.83,119
1995,2,15.5,120
1995,2,15.18,124
1995,2,16.6,114
1995,2,16.6,114
1995,2,15.83,119
1995,2,15.83,119
1995,2,15.18,124
1995,2,15.18,123
1995,2,14.54,129
1995,2,14.54,128
1995,2,16.6,114
1995,2,15.83,119
1995,2,15.18,124
2993,2,15.18,124
1995,2,15.83,118
1995,2,15.18,122
1995,2,15.18,123
1995,2,14.87,127
1995,2,14.54,128
1995,2,15.83,118
1995,2,15.5,122
1995,2,15.18,123
1995,2,14.87,127
1995,2,14.54,128
1995,2,14.54,129
2993,2,15.18,124
2993,2,14.54,129
2993,2,14.87,127
1995,2,16.6,114
1995,2,16.6,114
1995,2,15.83,119
1995,2,15.18,124
1995,2,15.18,124
1995,2,14.54,129
1995,2,14.54,129
1995,2,14.87,127
1995,2,14.54,128
1995,2,14.54,129
1995,2,14.54,129
1995,2,14.54,129
1598,2,15.83,115
1598,2,15.83,118
1560,2,16.6,113
1560,2,16.6,113
1997,2,16.6,111
1997,2,16.2,115
1997,2,16.6,111
1997,2,16.2,115
1461,2,16.2,115
1461,2,15.18,123
1461,2,16.2,116
1560,2,17,111
1997,2,17,111
1997,2,16.2,115
1560,2,17,111
1997,2,16.2,115
1997,2,16.6,113
1997,2,15.83,117
1997,2,16.2,114
1956,2,14.54,130
1598,2,17,112
1598,2,16.6,114
1598,2,17,112
1248,2,15.83,119
1248,2,16.2,117
1997,2,16.2,114
1997,2,14.87,124
1499,2,16.2,115
1997,2,16.2,114
1997,2,14.87,124
1499,2,16.2,115
1499,2,16.2,115
1997,2,16.2,115
1997,2,16.2,115
1999,2,15.5,119
1999,2,15.5,119
1997,2,16.2,115
1997,2,16.2,115
1999,2,15.5,119
1999,2,15.5,119
1997,2,14.26,129
1997,2,14.26,129
1997,2,14.26,129
1997,2,14.26,129
1997,2,14.26,129
1997,2,14.26,129
1499,2,16.2,113
1499,2,15.5,119
1997,2,15.5,119
1997,2,14.26,129
1499,2,16.2,113
1499,2,14.87,124
1997,2,15.5,119
1997,2,14.26,129
1499,2,14.87,124
1499,2,14.26,129
1499,2,16.2,115
1499,2,15.5,119
1499,2,14.3,129
1499,2,14.87,124
1499,2,16.2,115
1499,2,15.5,119
1499,2,14.3,129
1499,2,16.2,115
1499,2,14.87,124
1997,2,15.18,122
1499,2,16.2,115
1499,2,14.87,124
1997,2,15.18,122
1997,2,16.6,112
1997,2,14.87,123
1997,2,14.54,127
1997,2,15.5,120
1997,2,14.87,124
1997,2,15.83,117
1997,2,14.87,123
1997,2,16.2,115
1997,2,15.5,120
1997,2,14.26,129
1997,2,14.87,124
1997,2,16.2,115
1997,2,14.54,126
1997,2,16.6,112
1997,2,14.87,124
1997,2,14.54,127
1997,2,15.83,119
1997,2,14.54,126
1997,2,15.83,117
1997,2,14.87,124
1997,2,14.26,130
1997,2,16.6,112
1997,2,14.87,123
1997,2,14.54,127
1997,2,15.5,120
1997,2,14.87,124
1997,2,15.83,117
1997,2,14.87,123
1997,2,16.2,115
1997,2,15.5,120
1997,2,14.26,129
1997,2,14.87,124
1997,2,16.2,115
1997,2,14.54,126
1997,2,16.6,112
1997,2,14.87,124
1997,2,14.54,127
1997,2,15.83,119
1997,2,14.54,126
1997,2,15.83,117
1997,2,14.87,124
1997,2,14.26,130
1997,2,14.26,129
1997,2,14.26,129
1997,2,14.26,129
1997,2,14.26,129
1997,2,14.26,129
1997,2,14.26,129
1997,2,14.26,129
1997,2,14.26,129
1499,2,14.87,124
1499,2,14.26,129
1499,2,16.2,115
1499,2,15.5,119
1499,2,14.3,129
1499,2,15.5,120
1499,2,16.6,111
1499,2,16.2,115
1499,2,14.3,129
1597,2,16.2,115
1597,2,15.83,119
1597,2,14.57,129
1582,2,16.6,112
1685,2,14.54,129
1685,2,16.6,114
1685,2,15.18,123
1582,2,16.2,115
1685,2,14.54,129
1685,2,15.57,119
1995,2,14.87,126
1461,2,16.6,111
1461,2,16.6,113
2143,2,16.2,115
2143,2,16.2,116
2143,2,15.18,122
2143,2,14.54,127
2143,2,14.54,129
2143,2,16.6,114
2143,2,15.83,119
2143,2,15.83,118
2143,2,15.5,123
2143,2,14.87,124
2143,2,14.54,128
1999,2,14.57,129
1999,2,14.95,126
1999,2,14.57,129
1999,2,17,111
1999,2,15.18,123
1999,2,16.6,114
1999,2,16.6,114
1999,2,14.57,129
1685,2,14.87,127
1685,2,14.87,127
1685,2,15.83,118
1685,2,14.87,127
1685,2,15.83,118
1685,2,16.2,116
1685,2,16.2,116
1685,2,16.2,113
1685,2,15.5,120
1685,2,16.2,113
1685,2,15.5,120
1582,2,14.85,127
1582,2,14.26,130
1582,2,14.26,130
1582,2,14.85,128
1582,2,14.85,128
1685,2,15.5,119
1685,2,15.5,119
1685,2,14.54,129
1685,2,15.5,119
1685,2,14.54,129
1685,2,15.5,119
1396,2,16.2,115
1582,2,16.2,115
1582,2,16.2,115
1396,2,16.2,115
1999,2,14.57,129
1999,2,14.87,125
1999,2,14.57,129
1999,2,16.6,113
1499,2,15.18,123
2191,2,15.5,119
1499,2,16.2,114
2191,2,14.87,127
2191,2,14.87,127
2191,2,15.83,119
2191,2,14.87,127
2191,2,14.54,129
2191,2,16.2,116
2191,2,15.5,121
2191,2,14.54,129
2143,2,16.6,111
2143,2,16.6,111
2143,2,14.87,124
2143,2,16.6,111
2143,2,16.6,111
2143,2,14.87,124
2143,2,16.6,112
2143,2,16.6,112
2143,2,14.26,130
2143,2,14.26,130
2143,2,16.6,112
2143,2,16.6,112
2143,2,14.26,130
2143,2,14.26,130
2143,2,14.26,130
2143,2,15.83,116
2143,2,15.5,121
2143,2,15.83,119
2143,2,14.87,123
2143,2,14.57,124
2143,2,14.87,126
2143,2,15.5,121
2143,2,14.87,123
2143,2,14.57,124
2143,2,15.5,121
2143,2,14.57,126
2143,2,15.5,121
2143,2,14.57,126
2143,2,14.26,130
2143,2,15.83,116
2143,2,15.5,121
2143,2,15.83,119
2143,2,14.57,126
2143,2,14.87,126
2143,2,15.5,121
2143,2,14.57,126
2143,2,15.5,122
2143,2,14.87,127
2143,2,16.6,113
2143,2,16.2,116
2143,2,16.2,124
2143,2,15.5,122
2143,2,14.87,127
2143,2,16.6,112
2143,2,16.2,116
2143,2,16.2,112
2143,2,15.5,117
2143,2,15.18,124
2143,2,16.2,115
2143,2,15.5,120
2143,2,14.87,127
2143,2,15.5,122
2143,2,14.87,127
2143,2,16.2,112
2143,2,16.6,113
2143,2,15.5,117
2143,2,16.2,116
2143,2,15.18,124
2143,2,15.5,122
2143,2,14.87,127
2143,2,16.2,115
2143,2,15.5,120
2143,2,14.87,127
1598,2,16.6,114
1598,2,16.2,111
1598,2,16.6,114
1598,2,15.5,117
1598,2,15.5,121
1598,2,15.5,120
1598,2,14.87,124
2143,2,15.18,124
2143,2,14.57,129
2143,2,16.2,114
2143,2,16.2,114
2143,2,16.2,114
2143,2,15.83,115
2143,2,15.18,119
2143,2,15.18,120
2143,2,15.83,118
2143,2,14.87,122
2143,2,14.26,127
2143,2,15.18,124
2143,2,14.57,129
2143,2,15.83,117
2143,2,15.83,117
2143,2,15.83,117
2143,2,15.83,117
2143,2,14.87,122
2143,2,14.87,123
2143,2,14.57,125
2143,2,13.99,130
1598,2,16.6,114
1598,2,16.2,111
1598,2,16.6,114
1598,2,15.5,117
1598,2,15.5,121
1598,2,15.5,120
1598,2,14.87,124
2143,2,15.18,124
2143,2,14.57,129
2143,2,16.2,114
2143,2,16.2,114
2143,2,15.83,115
2143,2,15.18,120
2143,2,15.83,118
2143,2,14.26,127
2143,2,15.18,124
2143,2,14.57,129
2143,2,15.83,117
2143,2,15.83,117
2143,2,14.87,123
2143,2,13.99,130
1598,2,16.6,111
1598,2,16.6,111
1598,2,15.83,116
1598,2,15.5,119
2143,2,15.5,122
2143,2,14.87,127
2143,2,16.2,112
2143,2,16.2,112
2143,2,15.83,117
2143,2,15.5,117
2143,2,17,113
2143,2,15.5,121
2143,2,15.5,122
2143,2,14.87,127
2143,2,16.2,112
2143,2,15.83,117
2143,2,15.5,117
2143,2,15.5,121
2143,2,15.18,124
1598,2,16.6,111
1598,2,16.6,111
1598,2,15.83,116
1598,2,15.5,119
2143,2,15.5,122
2143,2,14.87,127
2143,2,16.23,112
2143,2,15.5,117
2143,2,17,113
2143,2,15.5,122
2143,2,14.87,127
2143,2,16.2,112
2143,2,16.2,112
2143,2,15.5,117
2143,2,15.18,124
2143,2,14.87,123
2143,2,14.87,123
2143,2,16.6,111
2143,2,14.87,126
2143,2,16.6,111
2143,2,14.87,126
2143,2,14.57,129
1950,2,15.5,119
1950,2,15.5,119
1950,2,16.6,112
1950,2,15.5,120
1950,2,15.5,120
1950,2,14.57,126
1950,2,14.26,129
1950,2,16.6,112
1950,2,15.5,120
1950,2,15.5,120
1950,2,16.6,112
1950,2,16.6,117
1950,2,15.83,120
1950,2,14.87,129
1950,2,14.87,129
1950,2,16.6,112
1950,2,16.6,112
2143,2,14.87,127
2143,2,14.26,130
2143,2,14.26,130
2143,2,16.2,115
2143,2,16.2,115
2143,2,14.87,127
2143,2,14.87,127
2143,2,14.26,130
2143,2,14.26,130
2143,2,14.87,127
2143,2,14.26,130
2143,2,16.2,115
2143,2,16.2,115
2143,2,14.87,127
2143,2,14.26,130
2143,2,14.26,129
2143,2,14.26,129
2143,2,14.26,129
2143,2,14.26,129
2143,2,14.26,129
2143,2,14.26,129
2143,2,16.2,114
2143,2,16.2,114
1995,2,16.6,112
1995,2,16.6,113
1995,2,16.6,113
1995,2,16.2,115
1995,2,16.2,115
1995,2,16.6,114
1995,2,15.83,119
1995,2,16.2,117
1995,2,15.5,122
1995,2,14.87,126
1995,2,14.54,129
1995,2,14.87,126
1995,2,14.87,127
1995,2,14.54,129
1995,2,14.26,130
1995,2,16.6,113
1995,2,16.2,115
1995,2,15.83,118
1995,2,15.5,120
1995,2,16.2,116
1995,2,15.83,118
1995,2,14.54,129
1995,2,15.5,121
1995,2,14.87,125
1598,2,17,111
1598,2,16.2,116
1598,2,15.18,123
1598,2,14.54,128
1995,2,15.83,119
1995,2,15.18,124
1995,2,14.87,126
1598,2,17,111
1598,2,16.2,116
1598,2,15.18,123
1598,2,14.57,128
1995,2,15.83,119
1995,2,15.18,124
1995,2,14.87,126
1560,2,15.5,119
1461,2,14.54,130
1461,2,14.54,130
1598,2,16.2,116
1598,2,15.5,120
1598,2,14.54,129
1598,2,15.18,122
1598,2,17.06,128
1598,2,14.54,129
1560,2,16.2,115
1560,2,16.6,113
1560,2,16.6,112
1560,2,16.2,114
1560,2,16.6,111
1560,2,16.2,114
1997,2,15.18,121
1997,2,16.2,114
1997,2,14.87,124
1997,2,16.6,112
1997,2,16.2,114
1560,2,16.2,115
1461,2,16.2,114
1598,2,16.2,114
1598,2,15.5,119
1598,2,15.18,122
1461,2,16.6,113
1461,2,15.83,117
1598,2,14.87,126
1598,2,14.54,129
1598,2,14.54,128
1598,2,15.5,120
1598,2,15.18,124
1598,2,15.83,116
1598,2,15.83,118
1968,2,14.26,130
1598,2,16.2,114
1598,2,16.6,113
1598,2,16.6,113
1598,2,16.2,114
1968,2,13.99,129
1968,2,16.2,112
1968,2,16.2,112
1968,2,15.5,120
1968,2,15.5,120
1968,2,16.6,118
1968,2,16.6,118
1968,2,16.2,112
1968,2,15.5,120
1968,2,15.83,118
1598,2,17,112
1598,2,17,111
1968,2,16.2,112
1968,2,16.2,112
1968,2,14.87,125
1968,2,14.87,125
1968,2,15.5,121
1968,2,15.5,121
1968,2,14.87,125
1422,2,17,112
1968,2,16.2,115
1968,2,15.83,117
1968,2,14.26,130
1968,2,15.5,120
1968,2,15.18,122
1968,2,14.26,129
1968,2,14.87,126
1968,2,15.83,117
1968,2,16.2,115
1968,2,15.83,117
1968,2,15.18,124
1968,2,16.2,115
1968,2,14.54,129
1598,2,16.6,112
1598,2,15.83,114
1968,2,14.87,125
1968,2,14.54,126
1968,2,14.87,125
1968,2,14.87,126
1968,2,16.2,114
1968,2,16.2,115
1968,2,15.18,124
1968,2,16.2,115
1598,2,17,111
1968,2,14.87,124
1968,2,14.87,125
1968,2,15.18,124
1968,2,14.87,125
1968,2,16.6,113
1968,2,16.2,114
1968,2,15.18,123
1968,2,16.2,114
1968,2,16.2,115
1968,2,15.83,118
1968,2,15.83,118
1597,2,16.66,113
1597,2,11.89,123
1597,2,16.66,113
1597,2,15.15,123
1597,2,16.66,113
1597,2,15.91,117
1597,2,14.64,127
1598,2,15.5,114
1598,2,16.98,111
1998,2,15.83,119
1998,2,15.83,119
1998,2,14.87,124
1998,2,15.5,120
1998,2,15.5,120
1998,2,14.87,124
1995,2,15.18,123
1995,2,15.18,124
1598,2,15.83,119
1598,2,15.83,119
1598,2,15.83,119
1598,2,17,111
1598,2,17,112
1598,2,15.5,122
1598,2,16.2,115
1598,2,16.6,115
1956,2,14.54,129
1598,2,16.6,114
1956,2,15.83,118
1956,2,15.83,118
1956,2,15.83,118
1598,2,14.54,129
1956,2,15.83,118
1956,2,15.83,118
1956,2,15.18,124
1598,2,16.6,114
1956,2,15.18,124
1598,2,16.2,116
1598,2,16.2,116
1598,2,16.6,114
1598,2,15.18,124
1598,2,16.6,114
1598,2,16.6,114
1598,2,16.6,114
1598,2,16.6,114
1598,2,16.6,114
1598,2,16.6,114
1598,2,15.18,124
1598,2,15.83,119
1598,2,15.83,119
1956,2,14.54,129
1956,2,14.54,129
1956,2,14.54,129
1968,2,15.83,116
1968,2,15.5,121
1968,2,16.6,113
1968,2,14.87,127
1968,2,14.87,126
1968,2,15.83,119
1968,2,15.5,119
1968,2,15.5,121
1968,2,16.2,116
1968,2,14.26,130
1968,2,14.54,129
1968,2,15.18,122
1968,2,15.5,120
1968,2,14.87,127
1968,2,14.87,127
1968,2,14.87,127
1968,2,15.83,118
1968,2,15.83,118
1968,2,15.83,118
1968,2,14.26,130
1968,2,14.26,130
1968,2,14.54,127
1968,2,14.54,127
1968,2,16.6,111
1968,2,16.6,111
1968,2,15.5,120
1968,2,15.5,120
1968,2,15.83,117
1968,2,15.83,117
1968,2,15.5,122
1968,2,16.2,116
1968,2,15.18,125
1968,2,15.83,119
1968,2,14.54,129
1968,2,15.5,122
1968,2,15.83,117
1968,2,15.83,117
1968,2,16.6,112
1968,2,16.6,112
1968,2,15.18,125
1968,2,15.18,125
1968,2,14.26,129
1968,2,15.5,120
1968,2,15.83,117
1968,2,15.83,117
1968,2,16.2,113
1968,2,16.6,111
1968,2,16.6,111
1968,2,14.26,130
1968,2,14.26,130
1968,2,15.18,124
1968,2,15.18,124
1968,2,16.2,115
1968,2,16.6,113
1968,2,16.6,113
1968,2,16.6,112
1968,2,16.6,112
1968,2,16.6,111
1968,2,15.5,121
1968,2,15.5,120
1968,2,14.54,130
1968,2,16.6,113
1968,2,16.6,113
1968,2,14.87,124
1968,2,14.87,124
1968,2,15.5,121
1968,2,15.5,121
1968,2,16.6,111
1968,2,16.6,111
1968,2,15.5,120
1968,2,15.5,120
1968,2,16.6,112
1968,2,16.6,112
1968,2,15.5,121
1968,2,15.5,121
1968,2,15.83,118
1968,2,15.83,118
1968,2,15.5,119
1968,2,15.5,119
1968,2,15.83,119
1968,2,15.83,119
1968,2,15.83,119
1968,2,15.83,119
1968,2,15.83,119
1968,2,14.87,125
1968,2,14.87,125
1968,2,14.87,125
1968,2,14.87,125
1968,2,14.87,125
1968,2,15.18,124
1968,2,15.18,124
1968,2,15.18,124
1968,2,15.18,124
1968,2,15.18,124
1968,2,14.26,130
1968,2,14.26,130
1968,2,14.26,130
1968,2,14.26,130
1968,2,15.18,123
1968,2,14.54,129
1968,2,14.54,129
1968,2,14.54,129
1968,2,14.54,129
1968,2,14.87,125
1968,2,15.18,123
1968,2,14.87,125
1968,2,14.87,125
1968,2,14.87,125
1598,2,16.6,111
1598,2,16.6,111
1598,2,16.6,111
1598,2,16.2,116
1598,2,16.2,116
1598,2,16.2,116
1598,2,16.6,112
1598,2,16.6,112
1598,2,16.6,112
1598,2,15.5,119
1598,2,15.5,119
1598,2,15.5,119
1968,2,15.5,120
1968,2,15.18,121
1968,2,15.18,121
1968,2,15.5,120
1968,2,15.5,120
1968,2,15.5,119
1968,2,15.5,119
1968,2,15.5,120
1968,2,14.87,125
1968,2,14.87,125
1968,2,15.5,122
1968,2,16.6,114
1968,2,15.18,124
1968,2,14.85,124
1969,2,16.6,113
1969,2,16.6,113
1969,2,16.6,113
1969,2,16.6,113
1969,2,16.6,113
1969,2,16.6,113
1969,2,16.2,116
1969,2,14.87,127
1969,2,16.2,116
1969,2,14.87,127
1969,2,17.8,112
1969,2,17.8,112
1969,2,17,111
1969,2,17,111
1969,2,17,111
1696,2,15.5,120
1969,2,16.2,116
1969,2,17,111
1969,2,15.5,120
1969,2,16.6,114
1969,2,16.6,114
1969,2,16.6,114
1969,2,16.6,114
1969,2,17,111
1969,2,15.5,120
1969,2,16.2,116
1969,2,17,111
1969,2,15.5,120
1969,2,15.83,119
1969,2,14.54,129
1969,2,16.2,116
1969,2,14.87,127
1969,2,15.83,117
1969,2,15.18,124
1968,2,13.99,132
1968,2,14.26,132
1968,2,13.99,134
1968,2,13.71,137
1968,2,14.26,131
1968,2,14.26,132
1968,2,13.99,134
2967,2,13.99,137
2967,2,13.71,141
2967,2,13.46,143
2967,2,13.46,139
2967,2,13.2,143
2967,2,12.98,146
2967,2,13.46,139
2967,2,13.2,142
2967,2,13.99,134
2967,2,13.71,137
2967,2,13.99,134
2967,2,13.71,137
2967,2,12.52,149
2967,2,12.73,149
1968,2,13.99,132
1968,2,13.99,133
1968,2,13.99,134
1968,2,13.71,138
2967,2,13.46,138
2967,2,13.46,140
2967,2,13.2,143
2967,2,13.46,138
2967,2,13.46,140
2967,2,13.2,144
1968,2,14.26,133
2967,2,14.26,132
2967,2,13.99,135
2967,2,13.46,138
2967,2,13.99,133
2967,2,13.99,135
2967,2,13.71,138
2967,2,13.46,138
2967,2,13.2,141
2967,2,13.2,141
2967,2,13.71,138
2967,2,13.2,142
2967,2,13.2,142
2967,2,12.52,149
1968,2,14.26,131
1968,2,14.26,131
1968,2,13.99,133
1968,2,13.46,140
1968,2,14.26,132
1968,2,13.71,138
1968,2,13.71,136
1968,2,13.46,139
1968,2,12.98,144
1968,2,13.46,138
1968,2,13.46,140
1968,2,12.73,146
1968,2,14.26,132
1968,2,13.99,133
1968,2,13.71,136
2967,2,12.29,150
1995,2,13.99,134
1995,2,13.99,133
1995,2,13.71,136
1995,2,13.99,135
1995,2,13.71,138
2993,2,13.71,137
2993,2,13.46,139
2993,2,12.98,144
2993,2,12.73,146
2993,2,12.52,149
1995,2,14.26,132
2993,2,14.26,131
2993,2,13.46,139
2993,2,12.98,145
1995,2,14.26,133
2993,2,13.99,135
2993,2,13.46,138
2993,2,12.98,145
1995,2,13.99,134
1995,2,14.26,132
1995,2,13.71,138
1995,2,13.71,137
1995,2,13.2,143
2993,2,12.98,144
1995,2,14.26,131
1995,2,13.71,136
2993,2,13.99,134
2993,2,13.2,142
2993,2,12.73,147
2993,2,13.46,139
2993,2,12.98,145
2993,2,12.52,150
1995,2,12.73,148
1995,2,12.98,144
1995,2,12.52,149
1995,2,13.99,134
1995,2,14.26,133
1995,2,13.46,139
2993,2,13.99,134
2993,2,13.46,139
2993,2,12.98,144
2993,2,13.2,143
2993,2,12.73,148
2993,2,13.46,138
1995,2,14.26,132
1995,2,14.26,132
1995,2,13.71,136
1995,2,13.99,134
1995,2,13.2,141
1995,2,13.46,139
1995,2,12.73,146
2993,2,13.46,139
2993,2,12.98,144
2993,2,12.52,149
2993,2,12.52,149
2993,2,12.73,149
2993,2,13.2,143
2993,2,12.98,147
2993,2,12.98,147
2993,2,14.26,132
2993,2,13.71,137
2993,2,13.99,134
2993,2,13.46,139
2993,2,14.26,132
2993,2,13.71,137
2993,2,13.2,142
1995,2,14.26,132
1995,2,13.99,133
1995,2,14.26,132
1995,2,13.71,137
1995,2,13.99,134
1995,2,13.99,133
1995,2,13.71,138
1995,2,13.46,139
1995,2,12.98,145
1995,2,13.71,136
1995,2,13.2,142
1995,2,13.99,135
2993,2,12.52,149
1995,2,13.71,136
1995,2,13.2,142
1995,2,13.46,139
1995,2,12.98,145
1995,2,13.99,135
2993,2,12.52,149
1995,2,13.46,139
1995,2,13.2,141
1995,2,12.73,146
1995,2,12.73,148
1956,2,13.46,139
1956,2,12.73,147
2184,2,12.73,149
2184,2,12.73,149
1956,2,13.99,134
1956,2,12.52,150
1560,2,13.71,137
1560,2,13.2,139
1997,2,13.46,139
1997,2,12.98,143
1560,2,12.98,144
1560,2,13.71,137
1997,2,13.46,139
1560,2,13.2,139
1560,2,13.71,137
1997,2,12.98,143
1560,2,13.2,139
1560,2,13.71,137
1560,2,13.99,133
1560,2,12.98,144
1560,2,12.98,144
1560,2,13.2,139
1560,2,13.71,135
1956,2,12.98,144
1598,2,12.98,144
1598,2,13.71,137
1598,2,13.71,137
1598,2,12.98,144
1598,2,12.73,145
1997,2,12.29,149
1997,2,12.29,149
1997,2,12.98,144
1997,2,12.73,147
1997,2,13.99,132
1997,2,13.71,134
1997,2,13.2,139
1997,2,13.46,137
1997,2,14.26,132
1997,2,12.98,143
1997,2,13.71,134
1997,2,12.29,149
1997,2,13.99,132
1997,2,13.46,137
1997,2,12.98,144
1997,2,13.2,139
1997,2,13.2,139
1997,2,13.2,139
1997,2,12.29,149
1997,2,13.71,134
1997,2,13.71,135
1997,2,13.2,134
1997,2,13.71,135
1997,2,13.71,134
1997,2,13.71,135
1997,2,13.2,134
1997,2,13.71,135
1997,2,13.46,137
1997,2,13.71,134
1997,2,14.26,131
1997,2,13.2,141
1997,2,13.46,138
1997,2,13.71,134
1997,2,13.46,137
1997,2,13.71,134
1997,2,14.26,131
1997,2,13.2,141
1997,2,13.46,138
1997,2,13.71,134
1997,2,12.98,144
1997,2,13.71,134
1997,2,13.2,139
1997,2,12.29,149
1997,2,12.98,144
1997,2,13.2,139
1997,2,13.2,139
1997,2,13.2,139
1997,2,12.29,149
1597,2,13.46,139
1597,2,13.99,133
1597,2,13.99,134
1995,2,13.71,139
1999,2,13.46,139
1999,2,13.71,134
1999,2,13.99,134
1999,2,13.74,137
2993,2,12.98,144
1999,2,12.98,144
1999,2,13.46,139
2993,2,12.52,149
2199,2,12.52,149
1582,2,13.71,135
1995,2,13.71,139
1995,2,13.71,139
1995,2,13.71,139
1999,2,13.46,139
1999,2,13.46,139
1999,2,13.99,134
1999,2,12.52,149
1499,2,13.71,136
2191,2,13.46,139
2191,2,13.71,136
2191,2,12.98,144
2191,2,13.71,136
2191,2,12.98,144
2143,2,13.71,134
2143,2,13.46,140
2143,2,13.71,133
2143,2,13.71,133
2143,2,13.71,134
2143,2,13.46,140
2143,2,13.71,133
2143,2,13.71,133
2143,2,14.26,132
2143,2,14.26,132
2143,2,14.26,132
2143,2,14.26,132
2143,2,13.99,134
2143,2,13.99,134
2143,2,13.99,134
2143,2,13.99,134
2143,2,14.26,132
2143,2,14.26,132
2143,2,14.26,132
2143,2,14.26,132
2987,2,12.98,142
2143,2,14.26,132
2987,2,12.52,149
1950,2,13.46,137
1950,2,13.46,137
1950,2,13.71,137
1950,2,13.71,137
2987,2,13.2,140
2987,2,12.98,143
2987,2,13.71,136
2987,2,12.98,144
2987,2,12.98,144
2143,2,14.26,131
2143,2,13.2,143
2143,2,13.2,143
2143,2,14.26,131
2143,2,13.2,143
2143,2,13.2,143
2143,2,12.98,143
2143,2,12.98,143
2987,2,13.2,141
2987,2,12.52,148
2987,2,13.2,141
2987,2,12.52,148
2987,2,12.73,146
2987,2,12.73,146
1995,2,14.26,131
1995,2,14.26,132
1995,2,13.99,133
1995,2,12.73,148
1995,2,12.52,149
1995,2,14.26,131
1995,2,12.73,148
1995,2,12.52,149
1995,2,14.26,131
1560,2,14.26,132
2268,2,13.46,139
1461,2,13.99,133
1461,2,13.99,133
1598,2,13.99,133
1598,2,13.99,133
1598,2,13.46,139
1598,2,13.2,143
1598,2,13.99,135
1598,2,13.51,139
1995,2,12.73,149
1995,2,12.73,148
1560,2,13.71,137
1560,2,13.2,139
1560,2,12.98,144
1997,2,12.98,143
1997,2,13.46,139
1560,2,13.71,137
1997,2,12.73,147
1560,2,13.2,139
1560,2,13.99,133
1997,2,13.46,139
1560,2,12.98,144
1560,2,13.71,135
1997,2,12.98,143
1997,2,13.46,139
1995,2,12.73,148
1598,2,12.73,145
1968,2,13.71,137
1968,2,13.99,132
1968,2,13.46,139
1968,2,13.46,139
1968,2,13.71,136
1968,2,13.46,135
1968,2,13.2,139
1968,2,13.2,141
1968,2,12.98,144
1984,2,14.26,131
1968,2,12.52,149
1968,2,14.26,131
1968,2,13.46,139
1968,2,13.46,138
1968,2,13.46,137
1968,2,12.98,144
1968,2,12.98,144
1968,2,13.99,134
1968,2,13.99,134
2157,2,13.38,139
2157,2,13.38,139
1597,2,12.87,146
1998,2,12.52,148
1998,2,12.52,148
1998,2,12.52,148
1998,2,12.73,145
1998,2,12.73,145
1998,2,13.2,141
1997,2,13.51,139
1598,2,13.71,137
1956,2,13.71,136
1956,2,13.71,136
1956,2,12.73,147
1956,2,12.52,149
1598,2,14.26,132
1598,2,13.99,134
1956,2,13.71,137
1956,2,13.71,137
1956,2,13.71,137
1956,2,13.71,137
1968,2,13.71,137
1968,2,13.71,137
1968,2,12.73,146
1968,2,12.73,146
1968,2,12.98,144
1968,2,12.98,144
1968,2,13.71,136
1968,2,13.71,136
1968,2,13.71,136
1968,2,13.71,137
1968,2,13.99,132
1968,2,13.46,140
1968,2,13.46,140
1968,2,13.2,141
1968,2,13.46,138
1968,2,13.46,138
1968,2,13.46,139
1968,2,13.2,141
1968,2,13.46,139
1968,2,13.2,141
1968,2,13.2,141
1968,2,13.2,141
1968,2,12.52,149
1968,2,12.73,147
1968,2,12.52,149
1968,2,12.52,149
1968,2,12.52,149
1968,2,12.52,149
1968,2,12.52,149
1968,2,12.52,149
1968,2,12.52,149
1968,2,13.99,133
1968,2,14.26,131
1968,2,13.99,133
1968,2,13.71,136
1968,2,13.99,134
1968,2,13.71,136
1968,2,13.71,136
1968,2,13.99,134
1968,2,13.71,136
1968,2,12.52,149
1968,2,12.52,149
2400,2,12.52,149
1969,2,12.52,149
1969,2,13.71,138
1969,2,13.46,139
1969,2,13.71,138
1969,2,13.46,139
2400,2,13.71,137
2400,2,12.52,149
2400,2,13.71,137
2400,2,12.52,149
1969,2,13.71,136
1969,2,13.99,133
1969,2,12.98,144
1969,2,12.52,149
1969,2,12.52,149
2967,2,11.52,164
2967,2,11.31,166
2967,2,11.13,169
2967,2,11.89,159
2967,2,11.69,161
2967,2,11.52,164
2967,2,11.52,164
2967,2,11.31,167
2967,2,11.31,167
2967,2,12.29,153
2967,2,11.89,159
2967,2,11.89,159
2967,2,12.09,155
2967,2,12.09,155
2967,2,11.89,157
2967,2,11.52,161
2967,2,11.89,158
2967,2,11.13,168
2993,2,12.52,151
2993,2,12.52,151
2993,2,12.09,155
2993,2,11.89,157
2993,2,12.29,153
2993,2,11.89,159
2993,2,12.09,154
2993,2,11.69,159
2993,2,12.09,154
2993,2,12.29,153
2993,2,12.52,152
2993,2,11.69,159
2993,2,12.09,156
2993,2,11.89,157
2993,2,12.09,156
2993,2,11.69,159
2993,2,11.89,157
2993,2,12.09,156
2993,2,11.89,158
2993,2,11.89,157
2993,2,11.89,159
2993,2,11.89,157
2993,2,11.89,159
2993,2,11.52,163
2993,2,11.31,165
2184,2,11.69,159
1956,2,12.29,151
1997,2,12.09,155
1997,2,12.09,155
1598,2,12.29,152
1598,2,12.09,152
1997,2,12.09,152
1997,2,12.09,152
1997,2,12.29,152
1995,2,11.13,166
1995,2,11.13,166
1995,2,11.31,162
1995,2,11.31,164
1995,2,11.31,162
1995,2,10.98,168
1995,2,11.31,162
1995,2,11.31,162
1995,2,11.13,166
1995,2,11.31,162
1995,2,11.31,162
1995,2,11.31,162
1995,2,11.13,166
1995,2,11.69,159
1995,2,11.69,159
1995,2,11.31,163
2199,2,11.89,159
1995,2,11.89,156
1995,2,12.09,154
1995,2,10.98,170
2993,2,11.89,159
1999,2,12.29,153
2993,2,11.69,159
2993,2,12.12,155
2199,2,11.89,159
2199,2,11.89,159
1995,2,11.31,166
1995,2,12.09,154
1995,2,11.31,166
1995,2,12.09,154
1995,2,12.09,154
1995,2,12.09,154
1995,2,11.31,166
1995,2,11.31,166
2993,2,11.52,164
2987,2,12.09,158
2987,2,11.52,163
2987,2,12.29,151
2987,2,12.29,151
2987,2,11.89,161
2987,2,11.52,169
2987,2,11.52,169
2987,2,12.09,159
2987,2,12.09,159
2987,2,12.09,159
2987,2,11.52,169
2143,2,12.09,155
2143,2,12.09,156
2143,2,12.09,155
2143,2,12.09,156
2143,2,12.09,155
2987,2,11.89,157
2987,2,11.89,157
2987,2,12.09,155
2987,2,12.09,155
2143,2,11.52,163
2143,2,11.52,163
2143,2,11.52,163
2143,2,11.52,163
2143,2,11.52,163
2143,2,11.52,163
2143,2,11.52,163
2143,2,11.52,163
2143,2,11.31,166
2143,2,11.31,166
2143,2,11.31,166
2143,2,11.31,166
2143,2,11.31,166
2143,2,11.31,166
2143,2,11.31,166
2143,2,11.31,166
1995,2,12.29,153
1995,2,12.09,155
1995,2,11.69,160
1995,2,12.09,154
1995,2,12.09,156
1995,2,11.69,161
1995,2,12.29,153
1995,2,12.09,155
1995,2,11.69,160
1995,2,12.09,154
1995,2,12.09,156
1995,2,11.69,161
2268,2,12.29,152
2268,2,12.29,154
1995,2,12.29,153
1995,2,11.89,158
1995,2,11.69,162
1995,2,12.29,152
1997,2,12.09,155
1997,2,12.52,151
1997,2,12.09,155
1997,2,11.52,163
1997,2,12.52,151
1997,2,11.89,159
2967,2,11.31,164
1995,2,12.09,156
1598,2,11.89,152
1598,2,11.89,155
1968,2,12.52,151
2157,2,12.37,152
2157,2,12.37,152
2157,2,12.37,152
1597,2,11.89,156
1597,2,11.89,156
1597,2,12.12,157
1597,2,11.36,164
1998,2,11.69,158
1998,2,11.69,158
1998,2,11.69,158
1998,2,11.69,159
1998,2,11.69,159
1956,2,11.69,161
1956,2,11.69,161
1956,2,11.69,161
1956,2,11.69,161
1956,2,11.69,161
1968,2,12.09,152
1968,2,11.13,167
1968,2,11.13,167
1968,2,11.31,164
1968,2,11.31,164
1968,2,11.13,167
1968,2,11.13,166
1968,2,10.98,169
1968,2,10.98,169
1968,2,11.31,164
1968,2,11.69,158
1968,2,11.31,164
1968,2,11.31,164
1968,2,11.89,155
1968,2,11.31,164
1968,2,11.52,161
1968,2,11.13,167
1968,2,11.31,164
1968,2,11.69,158
1968,2,11.31,164
1968,2,11.69,160
1968,2,11.89,157
1968,2,11.52,163
1968,2,11.89,157
1968,2,11.89,157
1968,2,11.52,163
1968,2,11.69,158
1968,2,11.52,163
1968,2,11.69,160
1968,2,11.89,157
1968,2,11.52,163
1968,2,11.52,161
1968,2,10.98,168
1968,2,11.89,157
1968,2,11.89,157
1968,2,11.52,163
1968,2,12.09,153
1968,2,10.98,169
1968,2,12.09,153
1968,2,11.89,157
1968,2,10.98,169
1968,2,11.52,161
1968,2,10.98,169
1968,2,10.98,169
1968,2,12.09,153
1968,2,11.89,157
1968,2,11.13,167
1968,2,11.69,159
1968,2,11.13,166
2967,2,10.98,172
4134,2,9.77,190
4134,2,9.89,189
2967,2,9.89,190
2993,2,10.8,173
2993,2,10.8,174
2987,2,9.52,184
2987,2,9.52,184
2987,2,9.52,184
1995,2,10.2,181
1995,2,10.05,183
1995,2,10.05,183
1995,2,10.2,181
1995,2,10.2,181
2199,2,10.8,174
2199,2,10.8,174
2199,2,10.8,174
2199,2,10.8,174
2993,2,10.32,182
2993,2,10.32,182
2993,2,10.2,185
2987,2,9.89,189
2987,2,9.89,187
2987,2,9.89,187
2987,2,10.8,174
2987,2,10.8,179
2987,2,10.8,174
2987,2,10.8,174
2987,2,10.8,179
2987,2,10.8,174
2967,2,10.48,179
2967,2,10.48,179
3956,2,10.65,176
2157,2,10.6,177
2157,2,10.1,184
2157,2,10.1,184
2157,2,9.85,189
2157,2,9.85,189
2755,2,9.89,190
2967,2,10.65,176
2967,2,10.65,176
2967,2,10.32,180
2967,2,10.8,174
2967,2,10.8,174
1968,2,10.2,182
1968,2,10.48,178
1968,2,10.48,179
1968,2,10.48,177
1968,2,10.65,176
1968,2,10.8,173
1968,2,10.8,171
1968,2,10.65,175
1968,2,10.65,176
1968,2,10.8,173
1968,2,10.8,171
1968,2,10.8,171
1968,2,10.65,176
1968,2,10.8,173
4134,2,9.64,194
4134,2,9.64,194
4134,2,9.64,193
4134,2,9.64,193
4134,2,9.52,196
2967,2,9.39,199
3956,2,8.91,210
2497,2,9.52,197
2497,2,8.48,225
2993,2,9.27,203
4367,2,8.48,219
4367,2,8.48,219
2776,2,8.38,222
2987,2,9.39,199
4134,2,8.68,215
2157,2,9.59,194
2157,2,9.59,194
2157,2,9.59,194
2157,2,9.09,205
2157,2,9.59,196
2755,2,9.64,194
2755,2,9.64,194
1498,2,18.3,205
2776,2,8.1,231
2776,2,7.93,235
2776,2,7.83,240
3200,2,7.67,245
3200,2,7.93,238
2987,2,7.19,261
2987,2,7.19,261
2987,2,7.19,261
2987,2,7.19,261
2143,0,18.76,99
2143,0,18.76,99
2143,0,19.8,94
2143,0,19.8,94
2143,0,18.76,100
2143,0,19.8,94
2143,0,18.76,100
2143,0,17.4,104
2143,0,17,106
2143,0,17.4,104
2143,0,17,106
2143,0,18.3,103
2143,0,18.3,103
2143,0,15.5,120
2143,0,14.87,126
2993,0,11.52,164
2967,0,39.59,48
2967,0,37.57,50
2400,0,39.22,48
2400,0,39.22,48
2400,0,39.22,48
2400,0,39.22,48
1395,0,43,38
1395,0,40.64,40
1499,0,36.52,46
1499,0,34.79,49
1998,0,34.79,49
1998,0,38.51,45
1998,0,38.51,44
1998,0,34.79,49
1998,0,33.22,50
647,0,25,12
647,0,25,13
1499,0,34.79,49
1580,0,23,26
1999,0,29,37
1991,0,34.79,49
1991,0,34.79,49
1991,0,34.79,48
1991,0,15.89,48
1991,0,34.9,49
1499,0,34.79,49
1998,0,30,44
1798,0,25,22
1395,0,40.64,40
1395,0,40.64,40
1969,0,36.52,46
1969,0,36.52,46
1969,0,34.79,49
1969,0,33.2,49
1969,0,34.79,49
1998,0,30.48,54
1998,0,29.26,56
1991,0,31.79,53
1991,0,31.79,53
1991,0,31.79,52
1991,0,14.93,52
1991,0,14.62,54
1991,0,29.26,57
2996,0,26.11,65
2996,0,26.11,65
1499,0,31.79,52
1997,0,22.15,77
2996,0,19.77,84
2996,0,22.15,78
2996,0,19.77,84
2996,0,22.15,78
875,3,19.23,90
875,3,19.23,88
1580,3,19.23,88
1580,3,19.23,88
999,3,20.29,84
875,3,17.41,99
875,3,17.41,99
999,3,17.41,97
999,3,17.41,97
999,3,17,98
999,3,17.41,97
999,3,17.41,97
999,3,17,98
1199,3,17,99
998,3,17.8,95
998,3,17.41,97
1199,3,17,100
1199,3,17,98
1199,3,17,100
1199,3,17,100
1199,3,17,100
875,3,17.41,99
1242,3,17,99
875,3,17.41,99
875,3,17.8,95
998,3,17,97
998,3,17,98
998,3,17,99
998,3,17,99
998,3,17,99
998,3,17,99
998,3,17,99
998,3,17,99
999,3,17,99
999,3,17,99
998,3,18.3,93
998,3,17,99
1193,3,17,99
1193,3,17,100
898,3,16.61,99
1198,3,17,99
1198,3,14.33,99
998,3,17.8,95
998,3,17.41,97
1199,3,17,99
1199,3,17,99
1199,3,17.41,97
1199,3,18.3,95
1199,3,17.41,99
899,3,17.41,94
898,3,17,99
999,3,17.41,95
999,3,17.41,98
999,3,17.41,98
999,3,17.41,98
999,3,17.8,95
999,3,17,100
999,3,17.8,96
999,3,17.8,96
999,3,17.41,96
999,3,17.41,97
898,3,17.41,98
898,3,17,99
999,3,17.41,96
999,3,17.41,97
898,3,17.41,98
898,3,17,99
999,3,17,99
999,3,17,99
898,3,17.41,97
898,3,17,99
999,3,17.8,94
999,3,17.8,93
898,3,17.8,96
898,3,17.41,97
998,3,17,99
998,3,17,99
998,3,17,99
998,3,17.8,95
998,3,17.41,97
998,3,17,99
999,3,17,99
999,3,17.41,98
999,3,17,100
999,3,17,100
999,3,17.8,96
999,3,17.8,96
999,3,17.8,96
999,3,17.41,97
999,3,17.8,96
999,3,17.8,96
999,3,16.61,102
999,3,16.61,102
999,3,16.26,103
999,3,16.61,102
999,3,16.61,102
999,3,16.26,103
1395,3,15.25,110
999,3,16.26,104
999,3,15.56,107
999,3,15.56,108
999,3,16.26,104
999,3,15.56,107
999,3,15.56,108
1395,3,16.26,105
1395,3,15.89,108
1395,3,15.56,109
1395,3,15.56,109
1395,3,15.56,109
999,3,16.26,104
999,3,15.56,107
999,3,15.56,108
999,3,16.26,104
999,3,15.56,107
999,3,15.56,108
1395,3,15.89,107
1395,3,15.56,110
1199,3,15.89,103
1199,3,14.9,110
1199,3,15.56,108
1199,3,15.56,109
1199,3,15.56,108
1199,3,15.56,109
1199,3,15.56,110
1199,3,15.25,110
1199,3,15.89,105
1199,3,15.89,105
1199,3,15.89,105
1199,3,15.89,107
898,3,14.93,109
898,3,14.93,109
1199,3,15.89,105
1199,3,16.26,105
1199,3,15.89,107
1199,3,15.89,105
1199,3,16.26,105
1242,3,15.56,110
1242,3,16.26,105
875,3,15.89,105
998,3,16.26,102
1084,3,16.61,101
1084,3,16.61,101
998,3,16.26,104
998,3,16.26,104
999,3,15.89,105
999,3,15.25,109
999,3,15.56,108
999,3,15.25,110
999,3,15.89,105
999,3,15.25,109
999,3,15.56,108
999,3,15.25,110
1318,3,15.89,106
998,3,15.56,108
998,3,16.26,104
998,3,15.25,110
998,3,16.61,101
998,3,16.61,101
1248,3,15.89,106
1248,3,15.89,106
998,3,16.61,101
1248,3,15.89,106
1248,3,15.89,106
1248,3,15.22,109
998,3,16.26,102
1248,3,15.22,109
998,3,16.26,102
998,3,15.56,107
1248,3,15.22,109
1580,3,16.61,101
1580,3,16.61,101
1580,3,16.61,101
998,3,16.26,105
998,3,16.26,105
998,3,16.26,105
998,3,16.61,102
1496,3,15.56,110
1496,3,16.26,105
1499,3,16.26,105
1499,3,15.56,109
1499,3,15.89,107
1198,3,15.89,108
1198,3,15.56,109
1198,3,15.89,109
1499,3,15.56,109
898,3,15.89,107
898,3,15.89,104
1198,3,15.56,109
1199,3,16.26,104
1199,3,15.56,108
1199,3,16.26,104
1199,3,15.89,107
1199,3,16.26,106
1199,3,16.26,104
1199,3,15.89,107
1199,3,16.61,103
1199,3,15.25,110
1199,3,16.61,102
1199,3,15.25,110
1199,3,16.26,106
1199,3,15.89,106
898,3,15.56,105
898,3,15.89,104
898,3,15.25,108
999,3,16.61,102
1197,3,16.61,102
999,3,16.61,102
999,3,16.61,102
999,3,16.61,102
999,3,16.61,102
999,3,16.26,105
999,3,16.26,105
999,3,15.89,106
999,3,15.56,108
999,3,15.56,106
999,3,15.89,106
999,3,16.61,101
999,3,16.61,103
999,3,16.61,103
999,3,15.89,107
999,3,16.61,101
999,3,14.9,110
999,3,16.61,103
999,3,15.89,106
999,3,16.61,101
999,3,15.89,107
999,3,15.56,109
999,3,16.26,105
999,3,15.56,108
999,3,16.26,106
999,3,15.56,108
999,3,16.26,104
999,3,15.89,106
999,3,16.26,103
999,3,15.89,106
999,3,15.89,106
999,3,15.89,107
999,3,16.26,103
898,3,15.89,104
898,3,15.89,104
898,3,15.89,104
898,3,16.26,102
1197,3,15.25,110
1197,3,15.89,106
1498,3,15.56,105
1498,3,15.25,108
1498,3,15.25,109
999,3,16.61,102
999,3,16.61,102
999,3,16.61,102
999,3,16.26,106
999,3,16.61,104
1398,3,15.56,110
999,3,16.26,104
999,3,16.26,104
999,3,15.25,109
999,3,15.25,109
999,3,15.56,107
999,3,15.56,107
999,3,15.25,108
999,3,15.25,110
999,3,15.25,110
999,3,15.25,109
999,3,15.56,109
999,3,15.56,108
999,3,15.25,108
999,3,15.25,108
999,3,15.25,108
999,3,15.25,108
999,3,15.25,108
999,3,15.89,106
999,3,15.89,106
999,3,16.26,103
999,3,16.26,103
1197,3,15.56,109
1197,3,15.56,109
1197,3,15.56,109
1197,3,15.56,109
1395,3,15.25,110
999,3,16.61,101
999,3,16.61,101
999,3,16.61,101
999,3,16.61,103
999,3,16.61,101
999,3,16.61,101
999,3,15.56,108
999,3,15.56,108
1368,3,13.3,127
1368,3,14.9,114
1368,3,13.53,124
1368,3,13.53,124
1368,3,13.04,130
1368,3,13.53,124
1368,3,13.53,124
1395,3,14.9,112
1395,3,14.62,113
1395,3,14.33,117
1395,3,14.9,115
1395,3,14.62,117
1395,3,14.33,120
1395,3,15.25,111
1395,3,14.62,116
1395,3,15.25,112
1395,3,14.62,117
1395,3,14.9,112
1395,3,14.62,113
1395,3,14.33,117
1395,3,14.33,118
1395,3,14.33,119
1395,3,14.05,119
1395,3,15.25,111
1395,3,14.62,116
1395,3,15.25,112
1395,3,14.62,117
1395,3,14.9,114
1395,3,14.62,116
1395,3,14.05,119
1395,3,14.9,114
1395,3,14.62,117
1395,3,14.33,118
1395,3,14.05,119
1395,3,15.25,112
1395,3,14.9,113
1984,3,13.04,129
1984,3,12.83,130
1984,3,12.83,129
1984,3,12.6,130
1395,3,15.25,111
1395,3,14.62,114
1395,3,15.25,112
1395,3,14.9,113
1395,3,14.62,114
1984,3,13.04,128
1598,3,12.83,129
1984,3,13.04,128
1984,3,12.83,129
1395,3,15.25,112
1395,3,15.25,111
1395,3,14.9,114
1395,3,14.62,115
1984,3,13.04,129
1984,3,12.83,130
1984,3,12.83,129
1984,3,12.6,130
1984,3,13.8,121
1984,3,13.53,124
1984,3,13.04,128
1396,3,13.8,126
1396,3,13.53,128
1984,3,13.04,127
1984,3,12.83,130
1984,3,14.33,116
1984,3,13.8,119
1984,3,13.53,122
1984,3,13.04,127
1984,3,13.04,127
1984,3,12.83,130
1984,3,14.33,117
1984,3,13.8,120
1984,3,13.53,123
999,3,14.33,117
999,3,13.8,121
1395,3,13.3,124
1395,3,12.83,128
1395,3,12.6,130
1395,3,14.05,119
1395,3,13.53,123
1395,3,13.3,125
1395,3,13.3,127
1499,3,15.25,112
1499,3,14.62,116
1499,3,14.33,119
1499,3,13.8,123
1499,3,14.05,122
1499,3,13.53,126
1499,3,15.25,112
1499,3,14.62,116
1499,3,14.33,119
1499,3,13.8,123
1499,3,14.05,122
1499,3,13.53,126
1499,3,14.33,119
1499,3,13.8,124
1499,3,14.9,115
1499,3,14.33,119
1499,3,14.05,120
1499,3,13.8,124
1998,3,13.04,130
1499,3,13.8,124
1499,3,13.53,125
1499,3,13.3,129
1499,3,13.04,130
1499,3,13.8,123
1499,3,13.53,126
1499,3,13.3,127
1499,3,13.3,129
1499,3,13.3,127
1499,3,13.04,130
1499,3,14.05,122
1499,3,13.53,124
1499,3,13.53,126
1499,3,13.3,129
1998,3,13.3,129
1499,3,13.3,129
1998,3,13.3,127
1998,3,13.3,127
1199,3,14.33,119
1199,3,14.62,115
1199,3,14.62,115
1199,3,14.33,117
1199,3,15.25,112
1199,3,14.33,115
1199,3,14.62,115
1199,3,14.62,116
1199,3,14.33,115
1199,3,14.62,115
1199,3,14.62,116
1199,3,14.33,115
1149,3,12.6,130
999,3,13.53,120
1149,3,13.53,120
898,3,14.33,115
1149,3,12.6,130
998,3,14.05,117
1149,3,14.05,117
1598,3,13.04,129
1598,3,13.53,125
1598,3,13.04,129
1598,3,13.53,125
1199,3,14.9,114
1199,3,14.62,116
1598,3,13.04,130
1199,3,14.62,116
875,3,14.9,114
875,3,14.9,114
1242,3,14.33,119
1242,3,13.8,124
998,3,14.33,119
998,3,14.9,114
998,3,14.33,119
998,3,14.9,114
998,3,14.62,116
999,3,14.33,117
999,3,14.33,117
999,3,14.33,117
999,3,14.33,117
998,3,13.53,125
998,3,13.53,125
998,3,13.53,125
998,3,14.9,114
1242,3,14.05,122
998,3,14.9,114
1242,3,14.05,122
1242,3,14.05,122
999,3,13.3,125
999,3,13.3,125
1498,3,13.3,127
1498,3,13.3,128
1498,3,13.3,127
1498,3,13.04,128
999,3,13.3,125
999,3,13.3,125
1498,3,13.3,127
1498,3,13.3,128
1498,3,13.3,127
1498,3,13.04,128
999,3,14.05,119
999,3,14.05,119
999,3,14.05,119
999,3,14.05,119
1198,3,14.62,114
1198,3,14.62,114
999,3,13.8,120
999,3,14.05,119
999,3,13.8,120
999,3,14.05,119
998,3,13.04,129
998,3,13.04,129
1498,3,13.04,130
1498,3,13.53,125
1318,3,14.9,114
1318,3,14.33,120
1316,3,14.62,116
1318,3,15.25,111
1248,3,14.9,114
998,3,15.25,112
1248,3,15.25,112
1248,3,14.33,119
998,3,14.9,115
998,3,14.05,120
1353,3,13.3,125
1353,3,13.3,129
998,3,14.62,115
1353,3,13.53,124
1353,3,13.3,125
1396,3,13.04,130
1595,3,13.04,129
998,3,14.9,113
1591,3,13.53,124
998,3,14.9,115
998,3,14.9,115
998,3,14.9,115
998,3,14.05,120
998,3,14.05,120
998,3,14.05,120
1248,3,13.53,124
1248,3,13.53,124
1368,3,14.62,114
1248,3,13.04,130
1248,3,13.04,130
998,3,14.9,113
1591,3,13.53,124
998,3,14.9,115
998,3,14.9,115
1396,3,13.04,130
1396,3,13.04,130
1396,3,13.04,130
1396,3,13.04,130
1496,3,14.62,112
1496,3,15.25,117
1998,3,14.33,119
1998,3,13.04,128
1496,3,14.33,119
1998,3,14.33,119
1998,3,13.04,129
1998,3,13.3,129
1595,3,14.05,121
1595,3,13.53,124
1595,3,13.53,126
1595,3,13.3,126
1595,3,13.53,126
1595,3,13.3,126
1595,3,14.05,121
1595,3,13.3,127
1595,3,13.53,126
1595,3,13.53,126
1595,3,14.05,121
1595,3,13.3,128
1595,3,13.53,126
1595,3,13.53,126
1595,3,14.05,121
1595,3,13.53,124
1595,3,13.53,126
1595,3,13.3,126
1595,3,13.53,126
1595,3,13.3,126
1595,3,14.05,121
1595,3,13.3,127
1595,3,13.53,126
1595,3,13.53,126
1595,3,14.05,121
1595,3,13.3,128
1595,3,13.53,126
1595,3,13.53,126
1595,3,13.3,127
1595,3,13.04,129
1595,3,13.04,129
1595,3,13.04,129
1595,3,13.3,127
1595,3,12.83,130
1595,3,13.04,129
1595,3,13.04,129
1595,3,13.3,127
1595,3,13.04,129
1595,3,13.04,129
1595,3,13.04,129
1595,3,13.3,127
1595,3,12.83,130
1595,3,13.04,129
1595,3,13.04,129
1991,3,13.8,123
1991,3,13.53,125
1991,3,12.6,129
1991,3,13.8,123
1991,3,12.6,129
1991,3,13.3,128
1991,3,13.3,128
1991,3,12.83,129
1991,3,13.3,128
1991,3,13.3,128
1991,3,12.83,129
1991,3,13.3,128
1991,3,12.83,129
1991,3,13.3,128
1991,3,12.83,129
1991,3,13.8,123
1991,3,13.8,123
1991,3,13.04,126
1991,3,13.8,123
1991,3,13.8,123
1991,3,13.04,126
1991,3,13.53,123
1991,3,13.8,123
1991,3,13.8,123
1991,3,13.04,126
1595,3,13.53,124
1595,3,13.3,128
1595,3,13.53,124
1595,3,13.3,128
1595,3,13.04,130
1595,3,13.04,130
1499,3,15.25,112
1998,3,14.05,122
1998,3,13.53,125
1198,3,15.25,112
1198,3,14.9,114
1998,3,13.8,123
1998,3,13.53,126
1198,3,15.25,111
1499,3,15.25,111
1499,3,15.25,111
1499,3,14.9,114
1998,3,13.53,125
1998,3,13.3,128
1198,3,14.9,114
1198,3,15.25,112
1198,3,14.9,114
1198,3,14.62,116
1499,3,14.33,118
1499,3,14.33,118
1499,3,14.05,121
1499,3,14.33,121
1499,3,13.8,123
1499,3,13.8,123
1499,3,14.33,119
1499,3,14.33,119
1499,3,14.05,122
1499,3,14.05,122
1499,3,13.8,124
1499,3,13.8,124
1499,3,14.9,114
1499,3,14.33,119
1499,3,14.33,118
1499,3,13.8,123
1499,3,13.3,126
1499,3,13.3,126
1499,3,12.83,130
1499,3,12.83,130
1499,3,13.04,128
1499,3,13.04,128
1197,3,12.83,128
1197,3,12.6,130
898,3,14.33,115
1198,3,14.62,115
1198,3,13.53,125
1198,3,14.33,119
1198,3,14.33,119
1197,3,14.62,117
1197,3,14.05,121
1197,3,14.33,127
1618,3,12.39,121
1197,3,13.04,129
1197,3,13.04,129
1598,3,13.04,129
1598,3,13.53,125
1598,3,13.53,125
1598,3,13.04,130
1199,3,14.9,112
1199,3,14.62,114
1199,3,14.9,114
1199,3,13.53,124
1199,3,13.53,125
1199,3,14.33,117
1199,3,13.53,124
1199,3,14.05,120
1199,3,13.3,127
1598,3,12.6,129
1199,3,15.25,111
1199,3,14.9,112
1199,3,15.25,111
1199,3,14.33,119
898,3,14.33,114
898,3,13.53,121
1197,3,13.04,127
1197,3,13.04,127
898,3,13.53,121
1197,3,13.3,125
1197,3,13.3,125
1197,3,13.04,125
1197,3,13.04,127
1149,3,13.04,127
1197,3,13.53,120
1197,3,13.53,120
1197,3,13.8,118
1149,3,13.04,127
1197,3,13.04,126
1197,3,12.6,130
1197,3,13.3,123
1197,3,12.83,130
1198,3,13.53,120
1198,3,13.53,122
1198,3,13.3,124
1198,3,13.04,125
1197,3,13.84,119
1197,3,12.6,129
1197,3,13.8,119
1197,3,12.6,129
1198,3,13.53,120
1198,3,13.53,122
1198,3,13.3,124
1198,3,13.04,125
1197,3,12.6,129
1197,3,12.6,129
999,3,14.62,112
898,3,14.05,115
999,3,14.62,114
999,3,13.8,120
999,3,14.05,119
999,3,14.05,119
999,3,13.8,120
1395,3,13.8,122
1395,3,13.53,123
999,3,14.05,118
1197,3,14.05,119
1197,3,14.9,116
1395,3,15.25,112
999,3,14.05,118
1197,3,14.05,119
1197,3,14.9,116
1395,3,15.25,112
999,3,13.8,120
1197,3,14.05,119
1197,3,14.9,116
1395,3,15.25,112
1197,3,14.62,116
1197,3,14.9,114
1395,3,14.9,115
1395,3,14.9,115
1395,3,14.9,114
1395,3,14.9,114
1395,3,14.05,120
1395,3,14.9,115
1395,3,14.9,114
1197,3,14.62,116
1197,3,14.9,114
1395,3,14.62,117
1395,3,14.62,117
1395,3,14.9,114
1395,3,14.9,114
1395,3,14.05,120
999,3,14.9,112
999,3,14.9,111
999,3,14.9,111
1395,3,14.62,114
1395,3,14.33,117
1395,3,14.33,119
1395,3,14.05,121
1395,3,15.25,112
1395,3,14.9,115
1395,3,14.33,118
1395,3,14.05,120
1395,3,14.9,115
1395,3,13.04,129
1395,3,14.05,122
1395,3,13.8,123
1395,3,14.05,121
1395,3,13.8,122
1395,3,13.04,130
1395,3,14.05,119
1395,3,14.05,121
1395,3,14.05,121
1395,3,13.8,122
1197,3,13.8,124
1197,3,13.3,128
1197,3,13.3,128
1197,3,13.53,124
1197,3,13.3,128
1197,3,13.3,128
1242,3,14.62,116
1242,3,13.04,128
1242,3,13.3,126
1586,3,13.3,125
1586,3,13.3,127
1586,3,12.83,130
1586,3,13.8,123
1586,3,13.04,130
1197,3,13.8,122
1197,3,15.25,112
1197,3,13.3,126
1329,3,13.04,130
1197,3,14.33,119
1197,3,15.25,112
1197,3,13.53,125
1329,3,13.3,128
1498,3,14.62,112
999,3,14.33,119
999,3,14.33,119
999,3,14.33,119
1229,3,13.8,125
1229,3,13.8,125
1229,3,13.8,125
1398,3,14.33,119
1398,3,14.62,118
1398,3,13.53,125
999,3,14.62,115
999,3,14.62,115
1229,3,13.8,125
1229,3,13.8,125
1398,3,13.53,125
1399,3,13.53,124
1399,3,13.3,128
1399,3,13.3,128
1399,3,13.53,124
1399,3,13.3,127
1399,3,13.3,128
1399,3,13.3,128
1399,3,13.3,128
1399,3,13.3,127
1399,3,13.3,128
1399,3,13.3,128
1399,3,13.3,128
1399,3,13.04,130
1399,3,13.04,128
1399,3,13.04,130
999,3,14.9,114
999,3,14.9,115
999,3,14.9,115
999,3,14.9,114
1229,3,13.53,126
1229,3,13.8,124
1229,3,13.53,126
1229,3,13.8,124
1364,3,14.33,119
1364,3,14.05,122
1398,3,14.33,119
1398,3,14.05,121
1398,3,14.33,119
1398,3,14.33,119
1398,3,14.05,121
1398,3,14.33,119
1398,3,14.33,119
999,3,14.9,114
1229,3,13.8,124
1229,3,13.53,126
1398,3,14.05,120
1398,3,14.33,118
1398,3,14.05,115
1398,3,14.33,118
1398,3,14.33,118
1398,3,14.33,118
1398,3,14.05,120
1398,3,14.05,120
999,3,14.62,117
999,3,14.9,114
1229,3,13.53,126
1229,3,13.8,124
1229,3,13.53,126
1229,3,13.8,124
1229,3,13.8,124
1364,3,14.33,120
1364,3,13.8,123
1364,3,13.8,123
1398,3,14.05,122
1398,3,14.33,120
1398,3,14.05,121
1398,3,14.33,120
1398,3,14.33,120
1398,3,14.05,121
1398,3,14.33,120
1229,3,13.8,124
1229,3,13.8,124
1398,3,14.33,118
1398,3,14.05,120
1398,3,14.33,118
1398,3,14.33,118
1398,3,14.33,118
1398,3,14.33,119
1398,3,14.05,120
1364,3,14.33,119
1398,3,14.05,120
1398,3,14.05,120
1364,3,13.3,129
1364,3,13.3,129
1197,3,14.05,121
1197,3,14.05,122
1197,3,13.53,126
1197,3,13.53,126
1197,3,13.3,126
1197,3,13.53,125
1197,3,13.53,126
1197,3,13.3,127
1197,3,13.3,127
1197,3,13.04,129
1390,3,13.04,128
1395,3,14.05,120
1395,3,14.05,120
1395,3,14.05,120
1395,3,14.33,119
1395,3,14.33,119
1395,3,14.33,119
1197,3,14.05,119
1395,3,13.53,124
1395,3,13.53,124
1395,3,13.3,127
1395,3,13.3,127
1395,3,13.8,123
1395,3,13.3,128
999,3,14.9,112
999,3,14.9,112
1395,3,14.33,118
1395,3,14.33,118
1395,3,14.33,118
1395,3,13.8,123
1395,3,13.8,123
1395,3,13.8,123
1197,3,14.62,116
1395,3,14.05,120
1395,3,14.05,120
1395,3,13.3,127
1395,3,13.3,127
1395,3,13.53,125
1395,3,13.3,129
1395,3,13.53,125
1395,3,13.53,125
1395,3,14.33,117
1395,3,14.33,117
1395,3,13.8,123
1395,3,13.8,123
1395,3,15.25,111
1798,3,13.04,129
1395,3,13.53,125
1395,3,13.53,125
1395,3,13.53,125
1395,3,12.83,130
1197,3,13.3,128
1197,3,13.3,128
1197,3,13.3,128
1395,3,13.3,127
1395,3,13.3,127
999,3,13.3,127
1969,3,13.3,127
1498,3,13.3,129
1969,3,13.3,127
1498,3,13.3,129
1969,3,13.3,128
1969,3,13.04,127
1969,3,13.04,127
1969,3,13.04,128
1969,3,13.04,127
1498,3,13.3,129
1969,3,13.3,127
1969,3,13.3,127
1498,3,13.3,129
1969,3,13.04,128
1368,3,12.6,134
1368,3,12.29,139
1368,3,12.6,134
1368,3,12.29,139
1368,3,12.6,134
1368,3,12.29,139
1368,3,11.8,145
1368,3,11.8,145
1368,3,11.41,148
1368,3,12.29,139
1368,3,12.29,139
1368,3,12.29,139
1995,3,12.39,138
1995,3,11.98,141
1995,3,11.98,141
1368,3,11.8,144
1984,3,12.83,131
1984,3,12.6,132
1984,3,12.39,134
1984,3,12.39,134
1984,3,12.29,135
1984,3,11.98,138
1984,3,11.98,139
1984,3,11.8,141
1984,3,11.59,144
1984,3,12.6,133
1984,3,12.39,134
1984,3,11.41,146
1984,3,11.26,149
1984,3,12.6,131
1984,3,12.6,131
1984,3,12.83,132
1984,3,12.6,133
1984,3,12.39,136
1984,3,12.6,133
1984,3,12.39,134
1984,3,11.26,149
1984,3,11.41,147
1396,3,13.3,131
1396,3,13.04,133
1984,3,12.6,132
1984,3,12.39,135
1984,3,11.98,139
1984,3,11.98,139
1984,3,11.59,144
1984,3,11.41,147
1984,3,12.39,134
1984,3,12.39,136
1984,3,11.8,141
1984,3,11.59,144
1984,3,12.39,136
1984,3,12.29,137
1984,3,11.98,139
1984,3,12.6,131
1984,3,12.6,131
1984,3,11.59,144
1984,3,11.26,149
1984,3,12.39,134
1984,3,12.39,136
1984,3,11.8,141
1984,3,11.59,144
1984,3,12.39,136
1984,3,11.8,141
1984,3,11.59,144
1395,3,12.39,136
1395,3,12.39,138
1395,3,11.8,143
1395,3,12.83,131
1395,3,12.6,134
1798,3,12.29,138
1984,3,11.98,141
1984,3,11.26,150
1798,3,11.98,142
1984,3,11.8,144
1998,3,12.6,133
1998,3,12.29,138
1998,3,12.39,135
1998,3,11.98,140
1998,3,12.39,134
1598,3,12.83,133
1598,3,12.6,136
1598,3,12.39,137
1598,3,12.29,139
1998,3,12.6,133
1998,3,12.29,138
1998,3,12.39,135
1998,3,11.98,140
1998,3,12.39,134
1598,3,12.83,133
1598,3,12.6,136
1598,3,12.39,137
1598,3,12.29,139
1998,3,12.39,137
1998,3,12.6,134
1998,3,11.98,142
1998,3,11.41,148
1499,3,13.04,131
1499,3,12.6,136
1499,3,12.6,134
1499,3,12.29,139
1997,3,11.59,148
1998,3,11.98,138
1998,3,11.41,145
1998,3,11.98,140
1998,3,11.26,149
1998,3,11.8,142
1998,3,12.6,133
1998,3,12.29,138
1998,3,12.39,135
1998,3,11.98,140
1998,3,12.39,134
1998,3,11.41,147
1997,3,11.59,146
1997,3,12.39,138
1997,3,11.41,149
1997,3,12.29,141
1997,3,11.41,149
1998,3,11.59,145
1998,3,12.39,138
1998,3,11.98,142
1998,3,11.41,149
1998,3,12.29,139
1998,3,11.8,143
1998,3,12.39,134
1998,3,11.8,141
1998,3,11.98,139
1998,3,11.41,146
1998,3,11.41,146
1998,3,12.29,136
1998,3,11.8,141
1997,3,11.59,147
1997,3,11.41,149
1997,3,11.26,150
1998,3,12.6,134
1998,3,12.6,134
1998,3,12.39,138
1998,3,12.39,137
1998,3,11.98,142
1998,3,12.6,136
1499,3,12.83,133
1499,3,12.6,134
1499,3,12.39,137
1998,3,12.6,134
1998,3,11.98,141
1998,3,12.39,138
1998,3,11.59,147
1998,3,11.59,147
1998,3,11.98,143
1997,3,11.41,149
1998,3,12.6,136
1998,3,11.8,145
1998,3,11.8,144
1998,3,11.59,146
1998,3,12.6,134
1998,3,12.6,134
1998,3,11.98,141
1998,3,12.39,137
1998,3,11.8,144
1998,3,12.6,136
1997,3,12.29,139
1997,3,11.98,144
1997,3,11.98,141
1997,3,11.59,146
1997,3,11.41,149
1997,3,11.59,147
1997,3,11.41,149
1997,3,11.98,142
1997,3,11.41,149
1997,3,11.59,146
1997,3,11.41,149
1997,3,11.59,147
1997,3,11.41,149
1998,3,12.6,134
1998,3,12.6,134
1998,3,11.98,141
1998,3,12.39,137
1998,3,11.8,144
1998,3,12.6,136
1997,3,12.29,139
1997,3,11.41,149
1997,3,11.8,144
1997,3,11.41,149
1997,3,11.98,142
1997,3,11.59,147
1998,3,12.6,132
1997,3,11.59,147
1997,3,11.41,149
1998,3,11.59,146
1998,3,11.41,149
1368,3,12.39,137
1368,3,12.29,140
1598,3,12.29,141
1598,3,11.41,148
1598,3,11.41,145
1197,3,11.98,138
1197,3,11.41,145
1598,3,12.39,138
1598,3,12.39,136
1598,3,11.8,144
1368,3,11.41,148
1368,3,12.29,139
1368,3,12.83,133
1598,3,11.41,147
1598,3,12.29,139
1368,3,11.98,143
1368,3,11.8,144
1368,3,12.83,132
1368,3,12.29,139
1368,3,12.83,132
1368,3,12.29,139
1388,3,12.29,139
1596,3,11.41,149
1388,3,12.29,139
1596,3,11.41,149
1596,3,11.41,149
1596,3,11.41,149
1498,3,11.59,149
1498,3,11.59,149
1498,3,11.59,149
1498,3,11.59,149
1596,3,12.39,138
1596,3,12.39,138
1596,3,11.98,141
1696,3,11.98,140
1596,3,12.39,138
1596,3,12.39,138
1696,3,11.98,140
1498,3,13.3,140
1498,3,11.98,140
1498,3,11.98,140
1498,3,11.98,140
1596,3,12.39,136
1596,3,12.29,139
1596,3,12.39,136
1498,3,13.3,140
1498,3,11.98,140
1498,3,11.98,140
1498,3,11.98,140
1596,3,12.39,136
1596,3,12.29,139
1596,3,11.59,146
1596,3,11.59,146
1596,3,12.39,136
1498,3,11.26,149
1498,3,11.26,149
1498,3,11.59,145
1498,3,11.59,145
1498,3,11.59,145
1498,3,11.59,145
1498,3,12.39,137
1498,3,12.6,134
1498,3,11.59,146
1498,3,12.29,139
1498,3,12.39,136
1498,3,11.41,148
1498,3,12.39,137
1498,3,12.6,134
1498,3,11.59,146
1498,3,12.29,139
1498,3,12.39,136
1498,3,11.41,148
1498,3,11.26,149
1498,3,11.26,149
1339,3,13.3,131
1798,3,11.98,145
1798,3,11.41,150
1798,3,11.8,146
1798,3,11.41,149
1498,3,12.83,134
1248,3,12.39,139
1368,3,11.41,148
1591,3,11.26,150
1591,3,11.59,147
1595,3,12.83,133
1595,3,12.29,138
1595,3,12.29,140
1595,3,12.6,134
1595,3,12.39,136
1991,3,12.39,136
1991,3,11.98,141
1991,3,11.8,143
1991,3,11.41,149
1991,3,11.59,146
1991,3,11.41,149
1997,3,11.67,144
1997,3,11.67,144
1591,3,11.8,143
1591,3,11.8,143
1368,3,12.29,138
1396,3,12.29,138
1368,3,11.98,140
1396,3,11.98,140
1396,3,12.29,138
1591,3,11.59,147
1591,3,11.59,147
1591,3,11.23,150
1591,3,11.23,150
1591,3,12.39,139
1591,3,11.23,150
1591,3,12.39,139
1598,3,11.59,149
1998,3,12.6,136
1998,3,12.39,137
1998,3,11.41,150
1998,3,12.6,135
1998,3,12.29,139
1998,3,12.39,135
1998,3,13.04,131
1998,3,12.39,136
1496,3,12.29,139
1496,3,11.98,142
1595,3,13.04,131
1595,3,13.04,131
1595,3,12.83,132
1595,3,12.83,132
1991,3,11.59,145
1595,3,13.04,131
1595,3,13.04,131
1595,3,12.83,132
1595,3,12.83,132
1991,3,11.59,145
1991,3,11.59,145
1595,3,12.83,132
1595,3,12.83,132
1595,3,12.83,132
1595,3,12.83,132
1595,3,12.83,132
1595,3,12.83,132
1595,3,12.83,132
1595,3,12.83,132
1991,3,12.29,136
1991,3,11.8,140
1991,3,11.98,139
1991,3,11.41,143
1991,3,11.59,143
1991,3,11.08,150
1991,3,12.29,136
1991,3,11.98,138
1991,3,11.98,139
1991,3,11.59,141
1991,3,11.59,143
1991,3,11.26,147
1991,3,12.83,132
1991,3,12.83,133
1991,3,12.29,134
1991,3,12.39,136
1991,3,12.39,137
1991,3,11.8,140
1991,3,11.59,143
1991,3,11.59,146
1991,3,11.26,148
1991,3,12.83,132
1991,3,12.29,134
1991,3,12.39,136
1991,3,11.8,140
1991,3,11.59,143
1991,3,11.26,148
1991,3,12.83,132
1991,3,12.39,133
1991,3,12.39,138
1991,3,12.6,134
1991,3,11.8,139
1991,3,11.98,142
1991,3,12.83,132
1991,3,12.39,133
1991,3,12.6,134
1991,3,11.8,139
1991,3,13.04,131
1991,3,12.6,131
1991,3,12.83,132
1991,3,12.6,135
1991,3,12.39,136
1991,3,11.98,137
1991,3,12.6,131
1991,3,12.83,132
1991,3,12.39,136
1991,3,11.98,137
1991,3,11.8,143
1991,3,11.8,143
1991,3,11.8,143
1991,3,11.8,143
1595,3,12.6,134
1595,3,12.6,134
1595,3,13.04,131
1595,3,12.6,134
1595,3,13.04,131
1595,3,12.6,134
1595,3,12.6,135
1595,3,12.29,138
1595,3,12.29,138
1595,3,13.04,131
1595,3,12.6,134
1595,3,13.04,131
1595,3,12.6,134
1595,3,12.6,135
1595,3,12.29,138
1595,3,12.6,134
1595,3,11.98,139
1991,3,12.39,137
1991,3,11.26,150
1991,3,12.39,137
1991,3,11.26,150
1991,3,12.29,138
1991,3,12.29,138
1998,3,12.83,133
1998,3,12.6,136
1998,3,12.83,133
1998,3,12.83,133
1998,3,11.59,147
1998,3,12.39,136
1998,3,12.29,139
1998,3,12.6,134
1998,3,11.8,144
1998,3,12.39,137
1998,3,11.59,147
1998,3,11.59,146
1998,3,11.41,149
1998,3,12.39,138
1998,3,13.04,131
1998,3,12.29,139
1998,3,12.6,134
1998,3,11.98,142
1499,3,12.29,136
1499,3,11.98,139
1499,3,11.98,140
1499,3,11.8,143
1499,3,11.98,138
1499,3,11.8,141
1998,3,11.41,146
1998,3,11.08,150
1998,3,12.29,137
1998,3,11.8,141
1998,3,11.8,141
1998,3,11.59,144
1598,3,12.39,137
1598,3,11.98,142
1598,3,12.29,139
1598,3,11.8,144
1598,3,11.41,148
1598,3,12.83,134
1598,3,12.29,139
1598,3,12.39,137
1598,3,11.98,142
1598,3,12.29,139
1598,3,11.8,144
1598,3,11.41,148
1560,3,12.6,135
1595,3,11.41,143
1598,3,12.29,139
1598,3,11.98,142
1598,3,12.29,138
1618,3,12.29,139
1618,3,12.81,134
1618,3,12.39,138
1197,3,12.6,133
1197,3,12.6,133
1618,3,12.6,134
1618,3,12.29,138
1618,3,11.8,145
1618,3,11.41,149
1618,3,11.41,149
1598,3,12.29,139
1598,3,12.29,136
1598,3,11.41,148
1618,3,12.39,135
1618,3,12.39,133
1618,3,12.39,133
1197,3,11.8,145
1197,3,11.26,145
1197,3,11.98,136
1197,3,11.98,136
1618,3,12.29,134
1618,3,11.8,139
1618,3,12.29,134
1618,3,12.29,134
1197,3,11.8,140
1197,3,11.8,140
1390,3,11.26,150
1798,3,11.8,145
1798,3,11.8,145
1395,3,11.98,139
1395,3,11.8,141
1395,3,11.59,143
1984,3,11.26,147
1984,3,11.59,143
1984,3,11.08,149
1984,3,11.26,149
1984,3,11.41,146
1984,3,11.8,142
1984,3,11.41,146
1984,3,11.8,142
1984,3,11.26,148
1984,3,11.26,147
1395,3,11.59,147
1597,3,11.41,149
1597,3,11.41,149
1597,3,11.41,149
1995,3,11.26,150
1995,3,11.26,150
1600,3,11.98,140
1600,3,11.41,147
1586,3,11.41,147
1586,3,12.37,135
1798,3,12.29,140
1798,3,11.98,140
1798,3,12.29,139
1798,3,11.8,143
1798,3,12.29,142
1798,3,12.39,138
1798,3,12.29,139
1798,3,11.98,140
1798,3,12.29,140
1798,3,12.29,142
1798,3,11.8,143
1197,3,11.59,144
1197,3,12.39,134
1197,3,12.39,135
1197,3,12.29,136
1798,3,11.26,150
1364,3,12.39,139
1364,3,12.39,139
1398,3,12.6,136
1598,3,11.98,141
1598,3,11.95,141
1598,3,11.98,141
1598,3,11.98,141
1364,3,12.29,142
1364,3,12.29,142
1598,3,11.59,149
1364,3,12.29,142
1598,3,11.59,149
1364,3,11.41,149
1364,3,11.41,149
1398,3,12.29,140
1398,3,12.39,139
1364,3,12.83,132
1398,3,12.39,135
1398,3,12.29,140
1398,3,12.39,139
1398,3,12.39,139
1398,3,12.39,137
1398,3,12.39,137
1398,3,12.39,137
1398,3,12.29,140
1598,3,12.29,140
1364,3,12.39,139
1398,3,12.29,140
1364,3,12.29,140
1364,3,11.26,149
1364,3,11.26,149
1364,3,11.59,145
1364,3,11.59,145
1364,3,11.59,145
1364,3,11.59,145
1364,3,11.26,149
1364,3,11.26,149
1395,3,12.83,132
1395,3,12.39,136
1390,3,12.83,133
1984,3,11.41,148
1984,3,11.59,145
1984,3,11.41,148
1798,3,12.29,140
1984,3,11.41,148
1984,3,11.41,148
1984,3,11.41,148
1984,3,11.41,148
1984,3,11.41,148
1984,3,11.98,142
1984,3,11.98,142
1984,3,11.98,142
1984,3,11.98,142
1984,3,11.98,142
1984,3,11.41,148
1984,3,11.98,142
1390,3,11.26,150
1390,3,11.26,150
1390,3,11.26,150
1395,3,12.29,137
1395,3,12.6,132
1395,3,12.6,132
1395,3,12.83,133
1395,3,12.83,133
1197,3,13.04,131
1395,3,12.39,135
1395,3,12.6,133
1395,3,12.6,133
1395,3,12.29,138
1969,3,13.04,131
1969,3,12.6,134
1969,3,13.04,131
1969,3,12.6,134
1498,3,13.04,131
1969,3,12.39,137
1969,3,11.41,149
1498,3,13.04,131
1969,3,12.39,137
1969,3,11.41,149
1969,3,12.6,135
1969,3,12.6,136
1969,3,12.6,135
1969,3,12.6,136
1368,3,11.08,153
1742,3,10.58,161
1742,3,10.74,157
1742,3,10.74,157
1984,3,10.46,162
1984,3,10.14,166
1984,3,10.3,166
1984,3,10,168
1984,3,10.74,156
1984,3,10.46,162
1984,3,10.3,163
1984,3,10.3,163
1984,3,11.26,151
1984,3,10.46,162
1984,3,10.3,163
1984,3,11.08,152
1984,3,11.08,152
1984,3,10.92,154
2995,3,10,166
2995,3,9.76,170
1984,3,11.08,151
2995,3,9.88,170
2995,3,9.76,170
1984,3,11.08,152
1984,3,10.92,155
1984,3,10.46,161
1984,3,10.58,157
1984,3,10.46,159
1984,3,10.3,162
1984,3,11.08,153
1984,3,10,168
1984,3,10.58,159
1984,3,10.92,155
1984,3,10.58,158
1984,3,10.3,163
2998,3,10.3,163
1997,3,11.26,151
1997,3,10.92,157
2998,3,10.3,163
1997,3,11.26,151
1997,3,10.92,157
1998,3,11.26,152
1997,3,10.92,157
1997,3,10.58,161
1997,3,11.26,152
1997,3,10.92,157
1997,3,10.46,163
1998,3,10.74,155
2998,3,9.88,169
2998,3,10.3,163
1997,3,11.08,155
1998,3,10.74,156
1998,3,11.08,151
1998,3,10.3,161
2998,3,10.46,161
2998,3,10,166
1997,3,10.92,155
1997,3,10.74,157
1997,3,10.92,155
1997,3,10.3,165
1997,3,10.74,157
1997,3,10.14,167
1997,3,10.74,157
1997,3,11.26,152
1997,3,10.74,159
1998,3,11.08,154
1998,3,10.74,159
1998,3,11.26,151
2998,3,10.74,159
1998,3,10.46,164
1998,3,11.26,151
1998,3,10,169
1998,3,10.92,157
2998,3,10.46,164
1997,3,11.08,154
1997,3,11.08,153
1997,3,10.74,158
1997,3,11.08,154
1997,3,10.74,159
1997,3,10.74,158
1997,3,10.46,163
1998,3,11.08,153
1998,3,10.46,162
2998,3,10.14,167
1998,3,11.08,154
1998,3,10.58,161
1998,3,11.26,151
2998,3,10.74,159
1997,3,10.74,159
1997,3,11.08,153
1997,3,10.46,163
1997,3,11.08,154
1997,3,10.92,156
1997,3,11.08,153
1997,3,10.58,161
1997,3,11.26,152
1997,3,10.3,164
1997,3,11.08,154
1997,3,10.92,156
1998,3,11.08,154
1998,3,10.58,161
1998,3,11.26,151
2998,3,10.74,159
1997,3,11.08,154
1997,3,10.74,159
1997,3,11.26,152
2998,3,10.14,164
1997,3,10.92,157
1997,3,11.26,152
1997,3,10.46,162
1997,3,10.92,157
1997,3,10.14,167
1997,3,11.08,154
1997,3,10.74,159
2998,3,10.74,159
2998,3,10.46,164
1997,3,10.74,159
1997,3,10.74,159
1997,3,10.74,159
1997,3,10.74,159
1997,3,10.74,159
1997,3,10.74,159
1368,3,10.58,160
1598,3,10.74,155
1368,3,10.92,157
1368,3,10.14,165
1368,3,10.58,161
1999,3,10.74,159
1999,3,10.74,159
1999,3,10.74,159
1999,3,10.74,159
1498,3,10.92,154
1498,3,11.26,152
1498,3,11.08,154
1999,3,10,169
1498,3,11.26,152
1498,3,11.08,154
1999,3,10,169
1996,3,10,170
1798,3,11.26,153
1798,3,11.08,155
1997,3,10.14,168
1591,3,10.3,165
1591,3,10,169
1991,3,11.08,154
1991,3,10.92,156
1991,3,11.26,151
1997,3,9.88,170
1997,3,10.32,163
1997,3,10.92,154
1997,3,10.74,154
1997,3,10.58,159
1997,3,10.74,154
1591,3,9.88,170
1591,3,9.88,170
1591,3,11.26,152
1591,3,11.26,152
1591,3,10.58,156
1591,3,10.92,156
1998,3,10.14,167
1998,3,10.14,167
1998,3,10.58,161
1998,3,10.58,161
1998,3,10.14,167
1991,3,10.92,156
1991,3,10.92,156
1991,3,10.74,158
1991,3,10.58,162
1991,3,10.74,158
1991,3,10.92,156
1991,3,10.74,158
1991,3,10.58,162
1991,3,10.92,151
1991,3,10.58,155
1991,3,10.3,161
1991,3,10.92,151
1991,3,10.58,155
1991,3,10.3,161
1991,3,10.92,153
1991,3,10.58,157
1991,3,10.3,162
1991,3,11.08,154
1991,3,10.74,154
1991,3,10.74,157
1991,3,10.74,153
1991,3,10.58,157
1991,3,10.14,162
1991,3,10.74,154
1991,3,10.58,155
1991,3,10.46,159
1991,3,10,165
1991,3,10.58,155
1991,3,10.46,159
1991,3,10,165
1991,3,10.74,153
1991,3,10.58,157
1991,3,10.14,162
1991,3,10.74,153
1991,3,10.58,157
1991,3,10.14,162
1991,3,10.58,162
1991,3,10.74,160
1991,3,10.74,160
1991,3,10.92,156
1991,3,10.92,156
1991,3,10.58,162
1991,3,10.74,160
1991,3,10.74,160
1991,3,10.92,156
1991,3,10.92,156
1991,3,10.58,162
1991,3,10.58,160
1991,3,10.58,160
1991,3,10.58,162
1991,3,10.58,160
1991,3,10.58,160
3498,3,9.76,169
1991,3,10.92,151
1991,3,10.92,151
1991,3,10.46,160
1991,3,10.46,160
1991,3,11.08,155
1991,3,11.08,155
1991,3,11.08,155
1991,3,11.08,155
3498,3,10.46,161
1998,3,10.92,155
1998,3,10.58,159
1998,3,10.46,162
1998,3,10.74,154
1998,3,9.88,168
1998,3,11.26,152
1998,3,10.46,159
1998,3,10.3,162
1998,3,10.58,158
1998,3,9.88,169
1598,3,10.58,159
1598,3,10.3,164
1598,3,10.92,156
1598,3,10.46,164
1598,3,10.58,161
1598,3,10,169
1598,3,10.74,157
1598,3,10.46,162
1598,3,11.08,165
1598,3,11.08,153
1598,3,10,170
1598,3,10.3,165
1598,3,10,169
1598,3,10.58,159
1598,3,10.3,164
1598,3,10.58,159
1598,3,10.3,164
1598,3,10.92,156
1598,3,10.46,164
1598,3,10.58,161
1598,3,10,169
1598,3,10.74,157
1598,3,10.46,162
1598,3,10.3,165
1598,3,11.08,153
1598,3,10,170
1598,3,10.3,165
1598,3,10,169
1999,3,10.3,164
1618,3,11.26,153
1618,3,10.14,168
1988,3,9.88,168
1988,3,10.58,158
2457,3,10,167
1988,3,9.88,168
1988,3,10.58,158
2457,3,10,167
2981,3,9.88,169
1998,3,9.76,167
1998,3,9.76,167
1390,3,10.92,156
1390,3,10.92,157
1390,3,11.26,151
1984,3,10.58,158
1984,3,10.74,156
1984,3,10.58,158
1984,3,10.92,153
1984,3,10.46,161
1984,3,10.14,164
1295,3,10.58,155
1395,3,10.58,156
1395,3,10.3,163
1984,3,9.88,170
1984,3,10.14,164
1984,3,10.3,160
1597,3,10.14,167
1597,3,10.14,167
1998,3,10.3,164
1995,3,10.58,160
1995,3,10.58,160
1600,3,10.3,164
2498,3,10.46,161
2498,3,10.46,161
1995,3,10.46,160
1995,3,11.26,151
1328,3,10.3,162
1328,3,10,167
1998,3,10.3,164
1998,3,11.26,152
1598,3,11.08,154
1798,3,11.08,153
1598,3,11.26,152
1598,3,11.26,152
1598,3,11.08,154
1364,3,11.08,154
1598,3,11.08,154
1364,3,11.08,154
1796,3,10,169
1364,3,10.3,166
1598,3,10.92,155
1598,3,10.92,155
1364,3,10.46,160
1364,3,10.46,160
1364,3,10.92,155
1598,3,10.58,159
1364,3,11.08,154
1364,3,10.92,158
1364,3,10.14,168
1364,3,10.14,168
1364,3,10.58,160
1364,3,10.92,158
1984,3,10,164
1984,3,10.3,163
1984,3,11.26,152
1984,3,10.14,164
1390,3,10.92,156
1390,3,10.92,156
1390,3,10.92,156
1984,3,9.88,170
1984,3,9.88,170
1969,3,10.92,157
1969,3,10,167
1969,3,10.14,164
2891,3,8.9,189
2995,3,9.76,171
2995,3,9.62,175
2995,3,9.37,177
2480,3,9.03,189
2480,3,8.9,187
1984,3,9.76,173
2480,3,8.8,189
2998,3,9.37,179
2979,3,9.76,175
2979,3,9.14,188
2998,3,9.37,179
2979,3,9.76,175
2979,3,9.14,188
2979,3,9.26,184
2998,3,8.8,189
2998,3,9.37,179
2979,3,9.62,176
2979,3,9.03,189
2979,3,9.26,185
2979,3,9.49,179
2979,3,9.03,189
2979,3,9.37,181
2998,3,9.49,179
2979,3,9.49,179
2998,3,9.49,179
2979,3,9.88,172
2979,3,9.03,188
2979,3,9.62,178
2979,3,9.76,174
2979,3,9.49,179
2979,3,9.49,179
2979,3,9.26,184
2979,3,9.49,179
2979,3,9.26,184
2979,3,9.62,176
2979,3,9.49,180
2979,3,9.62,178
2979,3,9.37,182
4395,3,9.14,186
4395,3,9.03,189
1998,3,9.62,175
1368,3,9.88,171
2261,3,9.49,175
2261,3,9.49,175
1999,3,9.26,180
1999,3,9.14,184
1999,3,9.26,180
1498,3,9.76,173
1498,3,9.76,173
1999,3,9.76,174
1999,3,9.62,176
1999,3,9.88,171
1999,3,9.76,174
1999,3,9.62,176
1999,3,9.88,171
2261,3,8.9,184
2261,3,9.14,179
1999,3,9.26,180
1999,3,9.26,180
1997,3,9.62,177
1997,3,9.49,179
1997,3,9.88,173
1997,3,9.76,175
1591,3,9.76,175
1999,3,9.76,179
1999,3,9.76,179
1591,3,9.62,177
1591,3,9.76,175
1248,3,9.76,175
1999,3,9.37,181
1998,3,9.26,183
1998,3,9.03,189
1998,3,9.03,189
1998,3,9.37,181
1798,3,9.76,175
1798,3,9.76,173
1991,3,10,171
1991,3,10,171
2996,3,8.8,190
2996,3,8.8,190
2996,3,9.14,183
2996,3,9.14,183
2996,3,9.14,183
2996,3,9.14,183
2996,3,9.03,185
2996,3,9.03,185
2996,3,9.03,185
2996,3,9.14,183
2996,3,9.14,183
2996,3,9.14,183
1991,3,10,171
1991,3,10,171
1991,3,10,171
1991,3,10,171
2996,3,8.69,189
2996,3,8.69,189
1991,3,9.88,172
1991,3,9.88,172
1991,3,9.88,172
1991,3,9.88,172
2996,3,8.8,189
2996,3,9.49,175
2996,3,9.37,178
1598,3,9.76,175
1598,3,9.49,179
1598,3,10,175
1598,3,9.49,179
1618,3,10,172
1618,3,10,172
2457,3,9.03,184
2457,3,9.03,184
2981,3,8.69,190
2981,3,8.8,188
2981,3,8.69,190
2981,3,8.8,188
2981,3,9.26,182
2981,3,9.49,177
2981,3,9.14,184
2981,3,9.26,180
2981,3,9.76,172
2981,3,8.8,190
2981,3,9.37,178
2981,3,9.49,174
2981,3,9.26,182
2981,3,9.14,184
1984,3,9.76,172
2995,3,9.37,178
2995,3,9.49,175
2894,3,8.9,187
2894,3,9.03,184
2995,3,9.76,171
1998,3,9.76,174
1998,3,9.37,180
1998,3,9.37,181
1998,3,9.37,180
1598,3,9.88,174
1998,3,9.37,184
1598,3,10,172
1598,3,10,172
1598,3,9.76,174
1598,3,9.76,174
1598,3,9.76,174
1998,3,9.88,174
1984,3,9.26,180
1984,3,9.26,185
1984,3,9.14,187
1969,3,9.03,186
1969,3,9.03,186
1969,3,9.49,176
1969,3,9.14,186
1969,3,9.03,184
3993,3,7.79,219
3993,3,7.6,224
3993,3,10.27,214
3993,3,7.79,218
3993,3,7.68,220
3993,3,7.79,216
3993,3,7.6,220
2480,3,8.49,203
2480,3,8.49,203
2480,3,8.8,194
4163,3,8.41,197
3993,3,7.6,223
3993,3,7.6,223
3993,3,7.68,221
3993,3,7.68,221
2979,3,8.59,199
2979,3,8.59,199
2979,3,8.9,191
2979,3,8.8,194
2979,3,8.8,193
2979,3,8.9,192
2979,3,8.59,198
4395,3,7.94,214
4395,3,7.79,220
4395,3,8.49,199
4395,3,8.31,206
4395,3,8.02,213
4395,3,8.31,206
4395,3,8.31,206
2979,3,8.8,194
2979,3,8.31,204
2979,3,8.41,203
2979,3,8.02,213
2979,3,8.8,194
2979,3,8.31,204
4395,3,7.6,224
4395,3,7.53,225
2979,3,8.02,211
2979,3,7.79,219
2979,3,8.02,211
2359,3,8.12,209
2261,3,7.45,225
2261,3,7.45,225
2995,3,8.2,209
2995,3,8.2,211
2995,3,8.51,203
2995,3,8.69,199
2995,3,8.2,211
2995,3,8.51,203
2995,3,9.03,194
2995,3,9.03,194
2995,3,8.51,204
2995,3,7.94,218
2995,3,8.8,198
2995,3,8.2,212
1999,3,8.69,199
2995,3,8.02,211
1999,3,8.93,191
1999,3,8.8,197
1999,3,8.51,201
3456,3,7.53,225
3456,3,7.53,225
3456,3,7.76,219
3456,3,7.76,219
2979,3,8.2,207
2979,3,7.6,223
2979,3,7.6,223
3982,3,7.79,219
3982,3,7.87,216
3982,3,7.87,216
3982,3,7.87,216
3982,3,7.87,216
3982,3,7.79,219
3982,3,7.79,219
3982,3,7.79,219
3982,3,7.6,224
2996,3,8.69,194
3982,3,8.2,208
3982,3,8.2,208
2996,3,8.69,194
3982,3,8.2,208
3982,3,8.2,208
3982,3,8.2,209
3982,3,8.49,200
3982,3,8.49,200
3982,3,8.49,200
3982,3,8.49,200
3982,3,8.49,200
3982,3,8.49,200
3982,3,8.49,200
3982,3,8.49,200
3982,3,8.69,196
3982,3,8.69,196
3982,3,8.69,196
3982,3,8.69,196
3982,3,8.69,196
3982,3,8.93,192
3982,3,8.93,192
3982,3,8.93,192
3982,3,8.93,192
3982,3,8.93,192
2996,3,8.49,197
2996,3,8.49,197
3982,3,7.79,214
3982,3,7.79,214
2996,3,8.69,192
3982,3,8.02,207
3982,3,8.02,207
3982,3,8.02,207
2996,3,8.69,192
2996,3,8.2,203
2996,3,8.2,203
2996,3,8.41,199
2996,3,8.41,199
2996,3,8.2,209
2996,3,7.79,219
2996,3,8.2,209
2996,3,7.79,219
2996,3,8.49,199
2996,3,8.49,199
2996,3,8.49,199
4663,3,8.41,204
4663,3,8.02,212
4663,3,8.59,197
4663,3,8.31,204
4663,3,8.59,197
4663,3,8.69,196
4663,3,8.2,206
4663,3,8.69,196
4663,3,8.2,206
4663,3,8.12,205
2981,3,7.68,216
2981,3,7.53,220
2981,3,8.41,196
2981,3,8.59,192
2981,3,8.41,196
2981,3,7.53,220
2981,3,8.59,192
2981,3,7.68,216
2981,3,7.79,212
2981,3,7.79,214
2981,3,7.79,214
2981,3,7.79,212
2981,3,8.41,196
2981,3,7.53,220
2981,3,7.53,220
2981,3,8.41,196
2981,3,8.2,206
2981,3,8.41,201
2981,3,8.12,208
2981,3,8.2,204
2981,3,8.59,195
2981,3,8.31,202
2981,3,8.41,199
2981,3,8.2,206
2981,3,8.12,208
3800,3,7.87,216
3800,3,8.02,212
3800,3,7.87,216
3800,3,8.02,212
2997,3,8.12,212
2997,3,8.31,207
3604,3,8.2,208
3604,3,7.79,217
3996,3,7.79,215
3996,3,7.87,212
1998,3,8.59,197
1998,3,9.03,192
1968,3,7.94,210
1968,3,8.12,206
6299,3,6.65,254
6299,3,6.65,254
3993,3,7.3,231
3993,3,6.91,246
3993,3,6.7,254
3993,3,6.8,250
3993,3,6.7,254
3993,3,6.7,254
4395,3,7.37,231
4395,3,7.09,239
4395,3,7.37,231
4395,3,7.37,231
4395,3,7.53,226
4395,3,7.53,227
6162,3,6.57,252
3239,3,7.24,236
3855,3,6.86,251
3778,3,6.78,247
3696,3,6.78,249
2995,3,7.45,234
5000,3,6.83,255
2995,3,7.45,234
2995,3,6.83,248
2995,3,6.96,243
4969,3,6.78,251
4969,3,6.78,251
3456,3,7.37,230
3456,3,7.32,232
3456,3,7.24,235
3456,3,7.24,235
3456,3,7.04,242
3456,3,7.04,242
3799,3,6.83,250
3799,3,6.8,249
3799,3,6.8,249
3799,3,6.88,249
3799,3,6.8,249
3799,3,6.8,249
5461,3,7.24,234
5461,3,7.09,239
5461,3,7.24,237
5461,3,7.24,237
5461,3,7.24,237
5461,3,7.24,237
5461,3,7.24,234
5461,3,7.24,234
3721,3,7.09,240
3696,3,5.54,245
3696,3,6.88,248
3604,3,7.3,234
3604,3,7.42,229
2457,3,7.04,242
2792,3,6.88,244
5204,3,6.41,265
5935,3,5.22,325
5935,3,5.66,300
5935,3,4.97,343
5935,3,4.29,395
4735,3,5.72,296
4735,3,5.3,321
5935,3,5.59,302
5935,3,5.59,302
5935,3,5.72,298
5935,3,5.12,332
4735,3,5.48,309
4735,3,5.33,319
5204,3,6.41,272
5204,3,5.95,287
5204,3,6.23,277
5950,3,5.59,296
5950,3,5.59,296
3993,3,6.6,258
5998,3,5.15,330
5998,3,5.12,333
5998,3,4.99,338
5998,3,4.91,347
5998,3,4.65,358
5998,3,4.6,362
5998,3,4.97,335
5998,3,4.97,335
6752,3,4.86,342
6752,3,4.86,342
6752,3,4.86,342
6592,3,5.72,294
4395,3,6.57,258
4395,3,6.57,258
6162,3,6.36,260
6162,3,5.84,285
6162,3,5.72,292
6417,3,5.41,315
6417,3,5.41,315
3604,3,6.41,266
3604,3,6.47,259
3604,3,6.23,273
3604,3,6.31,266
3604,3,6.13,276
3902,3,6.41,260
3902,3,6.03,277
3855,3,6.23,273
6262,3,4.73,360
6262,3,4.86,350
6262,3,4.47,380
6262,3,4.73,360
6262,3,4.47,380
6262,3,4.78,350
3855,3,6.31,265
6262,3,5.22,330
4951,3,5.72,289
4951,3,5.38,306
4951,3,6.08,281
4951,3,5.41,299
5000,3,6.47,269
5000,3,6.47,269
5000,3,6.6,264
6498,3,4.55,370
5204,3,5.84,290
2995,3,6.36,269
4999,3,5.72,299
4999,3,5.72,298
4969,3,6.52,260
4969,3,6.36,263
4969,3,6.31,267
4969,3,6.31,267
3799,3,6.23,275
3799,3,6.23,275
3799,3,6.23,275
3799,3,6.23,275
3799,3,6.23,275
3799,3,6.23,275
3799,3,6.23,275
3799,3,6.23,275
3799,3,6.23,275
3799,3,6.23,275
3799,3,6.23,275
3799,3,6.23,275
3799,3,6.23,275
3982,3,6.41,259
3982,3,6.41,259
3982,3,6.41,259
5461,3,5.3,322
5461,3,5.3,322
5461,3,5.3,322
5461,3,5.3,322
5461,3,6.13,278
5461,3,6.13,278
5461,3,6.18,276
5461,3,6.18,276
5461,3,5.95,288
5980,3,6.08,272
5980,3,6.13,279
5980,3,6.13,279
5980,3,6.13,279
5980,3,6.23,274
5980,3,6.36,268
5980,3,6.36,268
5980,3,6.13,279
4799,3,6.03,282
4799,3,6.65,256
4799,3,6.03,282
3799,3,5.48,275
3799,3,6.18,275
3996,3,5.48,308
4806,3,6.36,267
4806,3,6.36,267
6592,3,5.07,330
6592,3,5.07,329
6592,3,5.09,327
6592,3,4.99,333
6592,3,5.09,327
6592,3,4.99,333
2979,0,12.39,139
2979,0,12.29,141
2979,0,11.41,149
2979,0,10.74,159
3498,0,10.92,154
3498,0,10.46,161
3498,0,10.46,161
4969,0,8.49,199
2995,1,22.15,75
2995,1,22.15,75
2894,1,29.26,56
1798,1,24.34,70
1798,1,24.34,70
1798,1,24.34,70
1798,1,24.34,70
1497,1,22.15,75
1580,1,21.5,79
1798,1,20.32,83
1798,1,20.89,79
1798,1,20.32,82
1798,1,19.23,86
1798,1,18.74,87
1798,1,22.15,76
1798,1,22.15,76
1798,1,22.15,76
1798,1,22.15,76
1497,1,20.32,82
1999,1,18.3,92
1580,1,18.74,92
1798,1,17.8,94
1798,1,17.8,94
1798,1,17.8,94
1798,1,17.8,94
1798,1,17.8,94
1798,1,17.8,94
2494,1,17.41,97
1798,1,18.3,92
1798,1,18.74,91
1798,1,17.8,96
2494,1,15.89,104
2494,1,17,101
2494,1,17,101
2494,1,15.89,107
2494,1,17,101
2494,1,15.89,107
2494,1,15.89,107
1798,1,16.61,101
1798,1,16.61,101
2494,1,14.62,115
2494,1,14.9,113
2494,1,14.62,115
2494,1,14.9,113
2494,1,14.05,121
2494,1,14.05,121
2494,1,14.05,121
2494,1,14.62,116
2494,1,14.05,121
2494,1,14.05,121
2494,1,14.62,116
2494,1,14.9,113
2494,1,14.62,116
3456,1,13.3,127
3456,1,13.3,127
3456,1,13.3,127
